/* Database export results for db pokemon */

/* Preserve session variables */
SET @OLD_FOREIGN_KEY_CHECKS=@@FOREIGN_KEY_CHECKS;
SET FOREIGN_KEY_CHECKS=0;

/* Export data */

/* Table structure for abilities */
CREATE TABLE `abilities` (
  `id` int(11) NOT NULL,
  `identifier` varchar(24) NOT NULL,
  `generation_id` int(11) NOT NULL,
  `is_main_series` tinyint(1) NOT NULL,
  PRIMARY KEY (`id`),
  KEY `generation_id` (`generation_id`),
  CONSTRAINT `abilities_ibfk_1` FOREIGN KEY (`generation_id`) REFERENCES `generations` (`id`)
) ENGINE=InnoDB DEFAULT CHARSET=utf8;

/* data for Table abilities */
INSERT INTO `abilities` VALUES (1,"stench",3,1);
INSERT INTO `abilities` VALUES (2,"drizzle",3,1);
INSERT INTO `abilities` VALUES (3,"speed-boost",3,1);
INSERT INTO `abilities` VALUES (4,"battle-armor",3,1);
INSERT INTO `abilities` VALUES (5,"sturdy",3,1);
INSERT INTO `abilities` VALUES (6,"damp",3,1);
INSERT INTO `abilities` VALUES (7,"limber",3,1);
INSERT INTO `abilities` VALUES (8,"sand-veil",3,1);
INSERT INTO `abilities` VALUES (9,"static",3,1);
INSERT INTO `abilities` VALUES (10,"volt-absorb",3,1);
INSERT INTO `abilities` VALUES (11,"water-absorb",3,1);
INSERT INTO `abilities` VALUES (12,"oblivious",3,1);
INSERT INTO `abilities` VALUES (13,"cloud-nine",3,1);
INSERT INTO `abilities` VALUES (14,"compoundeyes",3,1);
INSERT INTO `abilities` VALUES (15,"insomnia",3,1);
INSERT INTO `abilities` VALUES (16,"color-change",3,1);
INSERT INTO `abilities` VALUES (17,"immunity",3,1);
INSERT INTO `abilities` VALUES (18,"flash-fire",3,1);
INSERT INTO `abilities` VALUES (19,"shield-dust",3,1);
INSERT INTO `abilities` VALUES (20,"own-tempo",3,1);
INSERT INTO `abilities` VALUES (21,"suction-cups",3,1);
INSERT INTO `abilities` VALUES (22,"intimidate",3,1);
INSERT INTO `abilities` VALUES (23,"shadow-tag",3,1);
INSERT INTO `abilities` VALUES (24,"rough-skin",3,1);
INSERT INTO `abilities` VALUES (25,"wonder-guard",3,1);
INSERT INTO `abilities` VALUES (26,"levitate",3,1);
INSERT INTO `abilities` VALUES (27,"effect-spore",3,1);
INSERT INTO `abilities` VALUES (28,"synchronize",3,1);
INSERT INTO `abilities` VALUES (29,"clear-body",3,1);
INSERT INTO `abilities` VALUES (30,"natural-cure",3,1);
INSERT INTO `abilities` VALUES (31,"lightningrod",3,1);
INSERT INTO `abilities` VALUES (32,"serene-grace",3,1);
INSERT INTO `abilities` VALUES (33,"swift-swim",3,1);
INSERT INTO `abilities` VALUES (34,"chlorophyll",3,1);
INSERT INTO `abilities` VALUES (35,"illuminate",3,1);
INSERT INTO `abilities` VALUES (36,"trace",3,1);
INSERT INTO `abilities` VALUES (37,"huge-power",3,1);
INSERT INTO `abilities` VALUES (38,"poison-point",3,1);
INSERT INTO `abilities` VALUES (39,"inner-focus",3,1);
INSERT INTO `abilities` VALUES (40,"magma-armor",3,1);
INSERT INTO `abilities` VALUES (41,"water-veil",3,1);
INSERT INTO `abilities` VALUES (42,"magnet-pull",3,1);
INSERT INTO `abilities` VALUES (43,"soundproof",3,1);
INSERT INTO `abilities` VALUES (44,"rain-dish",3,1);
INSERT INTO `abilities` VALUES (45,"sand-stream",3,1);
INSERT INTO `abilities` VALUES (46,"pressure",3,1);
INSERT INTO `abilities` VALUES (47,"thick-fat",3,1);
INSERT INTO `abilities` VALUES (48,"early-bird",3,1);
INSERT INTO `abilities` VALUES (49,"flame-body",3,1);
INSERT INTO `abilities` VALUES (50,"run-away",3,1);
INSERT INTO `abilities` VALUES (51,"keen-eye",3,1);
INSERT INTO `abilities` VALUES (52,"hyper-cutter",3,1);
INSERT INTO `abilities` VALUES (53,"pickup",3,1);
INSERT INTO `abilities` VALUES (54,"truant",3,1);
INSERT INTO `abilities` VALUES (55,"hustle",3,1);
INSERT INTO `abilities` VALUES (56,"cute-charm",3,1);
INSERT INTO `abilities` VALUES (57,"plus",3,1);
INSERT INTO `abilities` VALUES (58,"minus",3,1);
INSERT INTO `abilities` VALUES (59,"forecast",3,1);
INSERT INTO `abilities` VALUES (60,"sticky-hold",3,1);
INSERT INTO `abilities` VALUES (61,"shed-skin",3,1);
INSERT INTO `abilities` VALUES (62,"guts",3,1);
INSERT INTO `abilities` VALUES (63,"marvel-scale",3,1);
INSERT INTO `abilities` VALUES (64,"liquid-ooze",3,1);
INSERT INTO `abilities` VALUES (65,"overgrow",3,1);
INSERT INTO `abilities` VALUES (66,"blaze",3,1);
INSERT INTO `abilities` VALUES (67,"torrent",3,1);
INSERT INTO `abilities` VALUES (68,"swarm",3,1);
INSERT INTO `abilities` VALUES (69,"rock-head",3,1);
INSERT INTO `abilities` VALUES (70,"drought",3,1);
INSERT INTO `abilities` VALUES (71,"arena-trap",3,1);
INSERT INTO `abilities` VALUES (72,"vital-spirit",3,1);
INSERT INTO `abilities` VALUES (73,"white-smoke",3,1);
INSERT INTO `abilities` VALUES (74,"pure-power",3,1);
INSERT INTO `abilities` VALUES (75,"shell-armor",3,1);
INSERT INTO `abilities` VALUES (76,"air-lock",3,1);
INSERT INTO `abilities` VALUES (77,"tangled-feet",4,1);
INSERT INTO `abilities` VALUES (78,"motor-drive",4,1);
INSERT INTO `abilities` VALUES (79,"rivalry",4,1);
INSERT INTO `abilities` VALUES (80,"steadfast",4,1);
INSERT INTO `abilities` VALUES (81,"snow-cloak",4,1);
INSERT INTO `abilities` VALUES (82,"gluttony",4,1);
INSERT INTO `abilities` VALUES (83,"anger-point",4,1);
INSERT INTO `abilities` VALUES (84,"unburden",4,1);
INSERT INTO `abilities` VALUES (85,"heatproof",4,1);
INSERT INTO `abilities` VALUES (86,"simple",4,1);
INSERT INTO `abilities` VALUES (87,"dry-skin",4,1);
INSERT INTO `abilities` VALUES (88,"download",4,1);
INSERT INTO `abilities` VALUES (89,"iron-fist",4,1);
INSERT INTO `abilities` VALUES (90,"poison-heal",4,1);
INSERT INTO `abilities` VALUES (91,"adaptability",4,1);
INSERT INTO `abilities` VALUES (92,"skill-link",4,1);
INSERT INTO `abilities` VALUES (93,"hydration",4,1);
INSERT INTO `abilities` VALUES (94,"solar-power",4,1);
INSERT INTO `abilities` VALUES (95,"quick-feet",4,1);
INSERT INTO `abilities` VALUES (96,"normalize",4,1);
INSERT INTO `abilities` VALUES (97,"sniper",4,1);
INSERT INTO `abilities` VALUES (98,"magic-guard",4,1);
INSERT INTO `abilities` VALUES (99,"no-guard",4,1);
INSERT INTO `abilities` VALUES (100,"stall",4,1);
INSERT INTO `abilities` VALUES (101,"technician",4,1);
INSERT INTO `abilities` VALUES (102,"leaf-guard",4,1);
INSERT INTO `abilities` VALUES (103,"klutz",4,1);
INSERT INTO `abilities` VALUES (104,"mold-breaker",4,1);
INSERT INTO `abilities` VALUES (105,"super-luck",4,1);
INSERT INTO `abilities` VALUES (106,"aftermath",4,1);
INSERT INTO `abilities` VALUES (107,"anticipation",4,1);
INSERT INTO `abilities` VALUES (108,"forewarn",4,1);
INSERT INTO `abilities` VALUES (109,"unaware",4,1);
INSERT INTO `abilities` VALUES (110,"tinted-lens",4,1);
INSERT INTO `abilities` VALUES (111,"filter",4,1);
INSERT INTO `abilities` VALUES (112,"slow-start",4,1);
INSERT INTO `abilities` VALUES (113,"scrappy",4,1);
INSERT INTO `abilities` VALUES (114,"storm-drain",4,1);
INSERT INTO `abilities` VALUES (115,"ice-body",4,1);
INSERT INTO `abilities` VALUES (116,"solid-rock",4,1);
INSERT INTO `abilities` VALUES (117,"snow-warning",4,1);
INSERT INTO `abilities` VALUES (118,"honey-gather",4,1);
INSERT INTO `abilities` VALUES (119,"frisk",4,1);
INSERT INTO `abilities` VALUES (120,"reckless",4,1);
INSERT INTO `abilities` VALUES (121,"multitype",4,1);
INSERT INTO `abilities` VALUES (122,"flower-gift",4,1);
INSERT INTO `abilities` VALUES (123,"bad-dreams",4,1);
INSERT INTO `abilities` VALUES (124,"pickpocket",5,1);
INSERT INTO `abilities` VALUES (125,"sheer-force",5,1);
INSERT INTO `abilities` VALUES (126,"contrary",5,1);
INSERT INTO `abilities` VALUES (127,"unnerve",5,1);
INSERT INTO `abilities` VALUES (128,"defiant",5,1);
INSERT INTO `abilities` VALUES (129,"defeatist",5,1);
INSERT INTO `abilities` VALUES (130,"cursed-body",5,1);
INSERT INTO `abilities` VALUES (131,"healer",5,1);
INSERT INTO `abilities` VALUES (132,"friend-guard",5,1);
INSERT INTO `abilities` VALUES (133,"weak-armor",5,1);
INSERT INTO `abilities` VALUES (134,"heavy-metal",5,1);
INSERT INTO `abilities` VALUES (135,"light-metal",5,1);
INSERT INTO `abilities` VALUES (136,"multiscale",5,1);
INSERT INTO `abilities` VALUES (137,"toxic-boost",5,1);
INSERT INTO `abilities` VALUES (138,"flare-boost",5,1);
INSERT INTO `abilities` VALUES (139,"harvest",5,1);
INSERT INTO `abilities` VALUES (140,"telepathy",5,1);
INSERT INTO `abilities` VALUES (141,"moody",5,1);
INSERT INTO `abilities` VALUES (142,"overcoat",5,1);
INSERT INTO `abilities` VALUES (143,"poison-touch",5,1);
INSERT INTO `abilities` VALUES (144,"regenerator",5,1);
INSERT INTO `abilities` VALUES (145,"big-pecks",5,1);
INSERT INTO `abilities` VALUES (146,"sand-rush",5,1);
INSERT INTO `abilities` VALUES (147,"wonder-skin",5,1);
INSERT INTO `abilities` VALUES (148,"analytic",5,1);
INSERT INTO `abilities` VALUES (149,"illusion",5,1);
INSERT INTO `abilities` VALUES (150,"imposter",5,1);
INSERT INTO `abilities` VALUES (151,"infiltrator",5,1);
INSERT INTO `abilities` VALUES (152,"mummy",5,1);
INSERT INTO `abilities` VALUES (153,"moxie",5,1);
INSERT INTO `abilities` VALUES (154,"justified",5,1);
INSERT INTO `abilities` VALUES (155,"rattled",5,1);
INSERT INTO `abilities` VALUES (156,"magic-bounce",5,1);
INSERT INTO `abilities` VALUES (157,"sap-sipper",5,1);
INSERT INTO `abilities` VALUES (158,"prankster",5,1);
INSERT INTO `abilities` VALUES (159,"sand-force",5,1);
INSERT INTO `abilities` VALUES (160,"iron-barbs",5,1);
INSERT INTO `abilities` VALUES (161,"zen-mode",5,1);
INSERT INTO `abilities` VALUES (162,"victory-star",5,1);
INSERT INTO `abilities` VALUES (163,"turboblaze",5,1);
INSERT INTO `abilities` VALUES (164,"teravolt",5,1);
INSERT INTO `abilities` VALUES (165,"aroma-veil",6,1);
INSERT INTO `abilities` VALUES (166,"flower-veil",6,1);
INSERT INTO `abilities` VALUES (167,"cheek-pouch",6,1);
INSERT INTO `abilities` VALUES (168,"protean",6,1);
INSERT INTO `abilities` VALUES (169,"fur-coat",6,1);
INSERT INTO `abilities` VALUES (170,"magician",6,1);
INSERT INTO `abilities` VALUES (171,"bulletproof",6,1);
INSERT INTO `abilities` VALUES (172,"competitive",6,1);
INSERT INTO `abilities` VALUES (173,"strong-jaw",6,1);
INSERT INTO `abilities` VALUES (174,"refrigerate",6,1);
INSERT INTO `abilities` VALUES (175,"sweet-veil",6,1);
INSERT INTO `abilities` VALUES (176,"stance-change",6,1);
INSERT INTO `abilities` VALUES (177,"gale-wings",6,1);
INSERT INTO `abilities` VALUES (178,"mega-launcher",6,1);
INSERT INTO `abilities` VALUES (179,"grass-pelt",6,1);
INSERT INTO `abilities` VALUES (180,"symbiosis",6,1);
INSERT INTO `abilities` VALUES (181,"tough-claws",6,1);
INSERT INTO `abilities` VALUES (182,"pixilate",6,1);
INSERT INTO `abilities` VALUES (183,"gooey",6,1);
INSERT INTO `abilities` VALUES (184,"parental-bond",6,1);
INSERT INTO `abilities` VALUES (185,"aerilate",6,1);
INSERT INTO `abilities` VALUES (186,"dark-aura",6,1);
INSERT INTO `abilities` VALUES (187,"fairy-aura",6,1);
INSERT INTO `abilities` VALUES (188,"aura-break",6,1);
INSERT INTO `abilities` VALUES (10001,"mountaineer",5,0);
INSERT INTO `abilities` VALUES (10002,"wave-rider",5,0);
INSERT INTO `abilities` VALUES (10003,"skater",5,0);
INSERT INTO `abilities` VALUES (10004,"thrust",5,0);
INSERT INTO `abilities` VALUES (10005,"perception",5,0);
INSERT INTO `abilities` VALUES (10006,"parry",5,0);
INSERT INTO `abilities` VALUES (10007,"instinct",5,0);
INSERT INTO `abilities` VALUES (10008,"dodge",5,0);
INSERT INTO `abilities` VALUES (10009,"jagged-edge",5,0);
INSERT INTO `abilities` VALUES (10010,"frostbite",5,0);
INSERT INTO `abilities` VALUES (10011,"tenacity",5,0);
INSERT INTO `abilities` VALUES (10012,"pride",5,0);
INSERT INTO `abilities` VALUES (10013,"deep-sleep",5,0);
INSERT INTO `abilities` VALUES (10014,"power-nap",5,0);
INSERT INTO `abilities` VALUES (10015,"spirit",5,0);
INSERT INTO `abilities` VALUES (10016,"warm-blanket",5,0);
INSERT INTO `abilities` VALUES (10017,"gulp",5,0);
INSERT INTO `abilities` VALUES (10018,"herbivore",5,0);
INSERT INTO `abilities` VALUES (10019,"sandpit",5,0);
INSERT INTO `abilities` VALUES (10020,"hot-blooded",5,0);
INSERT INTO `abilities` VALUES (10021,"medic",5,0);
INSERT INTO `abilities` VALUES (10022,"life-force",5,0);
INSERT INTO `abilities` VALUES (10023,"lunchbox",5,0);
INSERT INTO `abilities` VALUES (10024,"nurse",5,0);
INSERT INTO `abilities` VALUES (10025,"melee",5,0);
INSERT INTO `abilities` VALUES (10026,"sponge",5,0);
INSERT INTO `abilities` VALUES (10027,"bodyguard",5,0);
INSERT INTO `abilities` VALUES (10028,"hero",5,0);
INSERT INTO `abilities` VALUES (10029,"last-bastion",5,0);
INSERT INTO `abilities` VALUES (10030,"stealth",5,0);
INSERT INTO `abilities` VALUES (10031,"vanguard",5,0);
INSERT INTO `abilities` VALUES (10032,"nomad",5,0);
INSERT INTO `abilities` VALUES (10033,"sequence",5,0);
INSERT INTO `abilities` VALUES (10034,"grass-cloak",5,0);
INSERT INTO `abilities` VALUES (10035,"celebrate",5,0);
INSERT INTO `abilities` VALUES (10036,"lullaby",5,0);
INSERT INTO `abilities` VALUES (10037,"calming",5,0);
INSERT INTO `abilities` VALUES (10038,"daze",5,0);
INSERT INTO `abilities` VALUES (10039,"frighten",5,0);
INSERT INTO `abilities` VALUES (10040,"interference",5,0);
INSERT INTO `abilities` VALUES (10041,"mood-maker",5,0);
INSERT INTO `abilities` VALUES (10042,"confidence",5,0);
INSERT INTO `abilities` VALUES (10043,"fortune",5,0);
INSERT INTO `abilities` VALUES (10044,"bonanza",5,0);
INSERT INTO `abilities` VALUES (10045,"explode",5,0);
INSERT INTO `abilities` VALUES (10046,"omnipotent",5,0);
INSERT INTO `abilities` VALUES (10047,"share",5,0);
INSERT INTO `abilities` VALUES (10048,"black-hole",5,0);
INSERT INTO `abilities` VALUES (10049,"shadow-dash",5,0);
INSERT INTO `abilities` VALUES (10050,"sprint",5,0);
INSERT INTO `abilities` VALUES (10051,"disgust",5,0);
INSERT INTO `abilities` VALUES (10052,"high-rise",5,0);
INSERT INTO `abilities` VALUES (10053,"climber",5,0);
INSERT INTO `abilities` VALUES (10054,"flame-boost",5,0);
INSERT INTO `abilities` VALUES (10055,"aqua-boost",5,0);
INSERT INTO `abilities` VALUES (10056,"run-up",5,0);
INSERT INTO `abilities` VALUES (10057,"conqueror",5,0);
INSERT INTO `abilities` VALUES (10058,"shackle",5,0);
INSERT INTO `abilities` VALUES (10059,"decoy",5,0);
INSERT INTO `abilities` VALUES (10060,"shield",5,0);

/* Table structure for evolution_chains */
CREATE TABLE `evolution_chains` (
  `id` int(11) NOT NULL,
  `baby_trigger_item_id` int(11) DEFAULT NULL,
  PRIMARY KEY (`id`),
  KEY `baby_trigger_item_id` (`baby_trigger_item_id`),
  CONSTRAINT `evolution_chains_ibfk_1` FOREIGN KEY (`baby_trigger_item_id`) REFERENCES `items` (`id`)
) ENGINE=InnoDB DEFAULT CHARSET=utf8;

/* data for Table evolution_chains */
INSERT INTO `evolution_chains` VALUES (1,NULL);
INSERT INTO `evolution_chains` VALUES (2,NULL);
INSERT INTO `evolution_chains` VALUES (3,NULL);
INSERT INTO `evolution_chains` VALUES (4,NULL);
INSERT INTO `evolution_chains` VALUES (5,NULL);
INSERT INTO `evolution_chains` VALUES (6,NULL);
INSERT INTO `evolution_chains` VALUES (7,NULL);
INSERT INTO `evolution_chains` VALUES (8,NULL);
INSERT INTO `evolution_chains` VALUES (9,NULL);
INSERT INTO `evolution_chains` VALUES (10,NULL);
INSERT INTO `evolution_chains` VALUES (11,NULL);
INSERT INTO `evolution_chains` VALUES (12,NULL);
INSERT INTO `evolution_chains` VALUES (13,NULL);
INSERT INTO `evolution_chains` VALUES (14,NULL);
INSERT INTO `evolution_chains` VALUES (15,NULL);
INSERT INTO `evolution_chains` VALUES (16,NULL);
INSERT INTO `evolution_chains` VALUES (17,NULL);
INSERT INTO `evolution_chains` VALUES (18,NULL);
INSERT INTO `evolution_chains` VALUES (19,NULL);
INSERT INTO `evolution_chains` VALUES (20,NULL);
INSERT INTO `evolution_chains` VALUES (21,NULL);
INSERT INTO `evolution_chains` VALUES (22,NULL);
INSERT INTO `evolution_chains` VALUES (23,NULL);
INSERT INTO `evolution_chains` VALUES (24,NULL);
INSERT INTO `evolution_chains` VALUES (25,NULL);
INSERT INTO `evolution_chains` VALUES (26,NULL);
INSERT INTO `evolution_chains` VALUES (27,NULL);
INSERT INTO `evolution_chains` VALUES (28,NULL);
INSERT INTO `evolution_chains` VALUES (29,NULL);
INSERT INTO `evolution_chains` VALUES (30,NULL);
INSERT INTO `evolution_chains` VALUES (31,NULL);
INSERT INTO `evolution_chains` VALUES (32,NULL);
INSERT INTO `evolution_chains` VALUES (33,NULL);
INSERT INTO `evolution_chains` VALUES (34,NULL);
INSERT INTO `evolution_chains` VALUES (35,NULL);
INSERT INTO `evolution_chains` VALUES (36,NULL);
INSERT INTO `evolution_chains` VALUES (37,NULL);
INSERT INTO `evolution_chains` VALUES (38,NULL);
INSERT INTO `evolution_chains` VALUES (39,NULL);
INSERT INTO `evolution_chains` VALUES (40,NULL);
INSERT INTO `evolution_chains` VALUES (41,NULL);
INSERT INTO `evolution_chains` VALUES (42,NULL);
INSERT INTO `evolution_chains` VALUES (43,NULL);
INSERT INTO `evolution_chains` VALUES (44,NULL);
INSERT INTO `evolution_chains` VALUES (45,NULL);
INSERT INTO `evolution_chains` VALUES (46,NULL);
INSERT INTO `evolution_chains` VALUES (47,NULL);
INSERT INTO `evolution_chains` VALUES (48,NULL);
INSERT INTO `evolution_chains` VALUES (49,NULL);
INSERT INTO `evolution_chains` VALUES (50,NULL);
INSERT INTO `evolution_chains` VALUES (52,NULL);
INSERT INTO `evolution_chains` VALUES (53,NULL);
INSERT INTO `evolution_chains` VALUES (54,NULL);
INSERT INTO `evolution_chains` VALUES (55,NULL);
INSERT INTO `evolution_chains` VALUES (56,NULL);
INSERT INTO `evolution_chains` VALUES (58,NULL);
INSERT INTO `evolution_chains` VALUES (59,NULL);
INSERT INTO `evolution_chains` VALUES (60,NULL);
INSERT INTO `evolution_chains` VALUES (61,NULL);
INSERT INTO `evolution_chains` VALUES (62,NULL);
INSERT INTO `evolution_chains` VALUES (63,NULL);
INSERT INTO `evolution_chains` VALUES (64,NULL);
INSERT INTO `evolution_chains` VALUES (65,NULL);
INSERT INTO `evolution_chains` VALUES (66,NULL);
INSERT INTO `evolution_chains` VALUES (67,NULL);
INSERT INTO `evolution_chains` VALUES (68,NULL);
INSERT INTO `evolution_chains` VALUES (69,NULL);
INSERT INTO `evolution_chains` VALUES (70,NULL);
INSERT INTO `evolution_chains` VALUES (71,NULL);
INSERT INTO `evolution_chains` VALUES (73,NULL);
INSERT INTO `evolution_chains` VALUES (74,NULL);
INSERT INTO `evolution_chains` VALUES (75,NULL);
INSERT INTO `evolution_chains` VALUES (76,NULL);
INSERT INTO `evolution_chains` VALUES (77,NULL);
INSERT INTO `evolution_chains` VALUES (78,NULL);
INSERT INTO `evolution_chains` VALUES (79,NULL);
INSERT INTO `evolution_chains` VALUES (80,NULL);
INSERT INTO `evolution_chains` VALUES (81,NULL);
INSERT INTO `evolution_chains` VALUES (82,NULL);
INSERT INTO `evolution_chains` VALUES (83,NULL);
INSERT INTO `evolution_chains` VALUES (84,NULL);
INSERT INTO `evolution_chains` VALUES (85,NULL);
INSERT INTO `evolution_chains` VALUES (86,NULL);
INSERT INTO `evolution_chains` VALUES (87,NULL);
INSERT INTO `evolution_chains` VALUES (88,NULL);
INSERT INTO `evolution_chains` VALUES (89,NULL);
INSERT INTO `evolution_chains` VALUES (92,NULL);
INSERT INTO `evolution_chains` VALUES (93,NULL);
INSERT INTO `evolution_chains` VALUES (94,NULL);
INSERT INTO `evolution_chains` VALUES (95,NULL);
INSERT INTO `evolution_chains` VALUES (96,NULL);
INSERT INTO `evolution_chains` VALUES (97,NULL);
INSERT INTO `evolution_chains` VALUES (98,NULL);
INSERT INTO `evolution_chains` VALUES (99,NULL);
INSERT INTO `evolution_chains` VALUES (101,NULL);
INSERT INTO `evolution_chains` VALUES (102,NULL);
INSERT INTO `evolution_chains` VALUES (103,NULL);
INSERT INTO `evolution_chains` VALUES (104,NULL);
INSERT INTO `evolution_chains` VALUES (105,NULL);
INSERT INTO `evolution_chains` VALUES (106,NULL);
INSERT INTO `evolution_chains` VALUES (107,NULL);
INSERT INTO `evolution_chains` VALUES (108,NULL);
INSERT INTO `evolution_chains` VALUES (109,NULL);
INSERT INTO `evolution_chains` VALUES (110,NULL);
INSERT INTO `evolution_chains` VALUES (111,NULL);
INSERT INTO `evolution_chains` VALUES (112,NULL);
INSERT INTO `evolution_chains` VALUES (113,NULL);
INSERT INTO `evolution_chains` VALUES (114,NULL);
INSERT INTO `evolution_chains` VALUES (115,NULL);
INSERT INTO `evolution_chains` VALUES (117,NULL);
INSERT INTO `evolution_chains` VALUES (118,NULL);
INSERT INTO `evolution_chains` VALUES (119,NULL);
INSERT INTO `evolution_chains` VALUES (120,NULL);
INSERT INTO `evolution_chains` VALUES (121,NULL);
INSERT INTO `evolution_chains` VALUES (122,NULL);
INSERT INTO `evolution_chains` VALUES (123,NULL);
INSERT INTO `evolution_chains` VALUES (124,NULL);
INSERT INTO `evolution_chains` VALUES (125,NULL);
INSERT INTO `evolution_chains` VALUES (126,NULL);
INSERT INTO `evolution_chains` VALUES (127,NULL);
INSERT INTO `evolution_chains` VALUES (128,NULL);
INSERT INTO `evolution_chains` VALUES (129,NULL);
INSERT INTO `evolution_chains` VALUES (130,NULL);
INSERT INTO `evolution_chains` VALUES (131,NULL);
INSERT INTO `evolution_chains` VALUES (132,NULL);
INSERT INTO `evolution_chains` VALUES (133,NULL);
INSERT INTO `evolution_chains` VALUES (134,NULL);
INSERT INTO `evolution_chains` VALUES (135,NULL);
INSERT INTO `evolution_chains` VALUES (136,NULL);
INSERT INTO `evolution_chains` VALUES (137,NULL);
INSERT INTO `evolution_chains` VALUES (138,NULL);
INSERT INTO `evolution_chains` VALUES (139,NULL);
INSERT INTO `evolution_chains` VALUES (140,NULL);
INSERT INTO `evolution_chains` VALUES (141,NULL);
INSERT INTO `evolution_chains` VALUES (142,NULL);
INSERT INTO `evolution_chains` VALUES (143,NULL);
INSERT INTO `evolution_chains` VALUES (144,NULL);
INSERT INTO `evolution_chains` VALUES (145,NULL);
INSERT INTO `evolution_chains` VALUES (146,NULL);
INSERT INTO `evolution_chains` VALUES (147,NULL);
INSERT INTO `evolution_chains` VALUES (148,NULL);
INSERT INTO `evolution_chains` VALUES (149,NULL);
INSERT INTO `evolution_chains` VALUES (150,NULL);
INSERT INTO `evolution_chains` VALUES (151,NULL);
INSERT INTO `evolution_chains` VALUES (152,NULL);
INSERT INTO `evolution_chains` VALUES (153,NULL);
INSERT INTO `evolution_chains` VALUES (154,NULL);
INSERT INTO `evolution_chains` VALUES (155,NULL);
INSERT INTO `evolution_chains` VALUES (156,NULL);
INSERT INTO `evolution_chains` VALUES (157,NULL);
INSERT INTO `evolution_chains` VALUES (159,NULL);
INSERT INTO `evolution_chains` VALUES (160,NULL);
INSERT INTO `evolution_chains` VALUES (161,NULL);
INSERT INTO `evolution_chains` VALUES (162,NULL);
INSERT INTO `evolution_chains` VALUES (163,NULL);
INSERT INTO `evolution_chains` VALUES (164,NULL);
INSERT INTO `evolution_chains` VALUES (165,NULL);
INSERT INTO `evolution_chains` VALUES (166,NULL);
INSERT INTO `evolution_chains` VALUES (167,NULL);
INSERT INTO `evolution_chains` VALUES (168,NULL);
INSERT INTO `evolution_chains` VALUES (169,NULL);
INSERT INTO `evolution_chains` VALUES (170,NULL);
INSERT INTO `evolution_chains` VALUES (171,NULL);
INSERT INTO `evolution_chains` VALUES (172,NULL);
INSERT INTO `evolution_chains` VALUES (173,NULL);
INSERT INTO `evolution_chains` VALUES (174,NULL);
INSERT INTO `evolution_chains` VALUES (175,NULL);
INSERT INTO `evolution_chains` VALUES (176,NULL);
INSERT INTO `evolution_chains` VALUES (177,NULL);
INSERT INTO `evolution_chains` VALUES (178,NULL);
INSERT INTO `evolution_chains` VALUES (179,NULL);
INSERT INTO `evolution_chains` VALUES (180,NULL);
INSERT INTO `evolution_chains` VALUES (181,NULL);
INSERT INTO `evolution_chains` VALUES (182,NULL);
INSERT INTO `evolution_chains` VALUES (183,NULL);
INSERT INTO `evolution_chains` VALUES (185,NULL);
INSERT INTO `evolution_chains` VALUES (186,NULL);
INSERT INTO `evolution_chains` VALUES (187,NULL);
INSERT INTO `evolution_chains` VALUES (188,NULL);
INSERT INTO `evolution_chains` VALUES (189,NULL);
INSERT INTO `evolution_chains` VALUES (190,NULL);
INSERT INTO `evolution_chains` VALUES (191,NULL);
INSERT INTO `evolution_chains` VALUES (192,NULL);
INSERT INTO `evolution_chains` VALUES (193,NULL);
INSERT INTO `evolution_chains` VALUES (194,NULL);
INSERT INTO `evolution_chains` VALUES (195,NULL);
INSERT INTO `evolution_chains` VALUES (196,NULL);
INSERT INTO `evolution_chains` VALUES (197,NULL);
INSERT INTO `evolution_chains` VALUES (198,NULL);
INSERT INTO `evolution_chains` VALUES (199,NULL);
INSERT INTO `evolution_chains` VALUES (200,NULL);
INSERT INTO `evolution_chains` VALUES (201,NULL);
INSERT INTO `evolution_chains` VALUES (202,NULL);
INSERT INTO `evolution_chains` VALUES (203,NULL);
INSERT INTO `evolution_chains` VALUES (204,NULL);
INSERT INTO `evolution_chains` VALUES (205,NULL);
INSERT INTO `evolution_chains` VALUES (206,NULL);
INSERT INTO `evolution_chains` VALUES (207,NULL);
INSERT INTO `evolution_chains` VALUES (208,NULL);
INSERT INTO `evolution_chains` VALUES (209,NULL);
INSERT INTO `evolution_chains` VALUES (211,NULL);
INSERT INTO `evolution_chains` VALUES (212,NULL);
INSERT INTO `evolution_chains` VALUES (213,NULL);
INSERT INTO `evolution_chains` VALUES (214,NULL);
INSERT INTO `evolution_chains` VALUES (215,NULL);
INSERT INTO `evolution_chains` VALUES (216,NULL);
INSERT INTO `evolution_chains` VALUES (217,NULL);
INSERT INTO `evolution_chains` VALUES (218,NULL);
INSERT INTO `evolution_chains` VALUES (219,NULL);
INSERT INTO `evolution_chains` VALUES (220,NULL);
INSERT INTO `evolution_chains` VALUES (221,NULL);
INSERT INTO `evolution_chains` VALUES (223,NULL);
INSERT INTO `evolution_chains` VALUES (224,NULL);
INSERT INTO `evolution_chains` VALUES (228,NULL);
INSERT INTO `evolution_chains` VALUES (229,NULL);
INSERT INTO `evolution_chains` VALUES (230,NULL);
INSERT INTO `evolution_chains` VALUES (232,NULL);
INSERT INTO `evolution_chains` VALUES (233,NULL);
INSERT INTO `evolution_chains` VALUES (234,NULL);
INSERT INTO `evolution_chains` VALUES (235,NULL);
INSERT INTO `evolution_chains` VALUES (236,NULL);
INSERT INTO `evolution_chains` VALUES (237,NULL);
INSERT INTO `evolution_chains` VALUES (239,NULL);
INSERT INTO `evolution_chains` VALUES (240,NULL);
INSERT INTO `evolution_chains` VALUES (241,NULL);
INSERT INTO `evolution_chains` VALUES (242,NULL);
INSERT INTO `evolution_chains` VALUES (243,NULL);
INSERT INTO `evolution_chains` VALUES (244,NULL);
INSERT INTO `evolution_chains` VALUES (245,NULL);
INSERT INTO `evolution_chains` VALUES (246,NULL);
INSERT INTO `evolution_chains` VALUES (247,NULL);
INSERT INTO `evolution_chains` VALUES (248,NULL);
INSERT INTO `evolution_chains` VALUES (249,NULL);
INSERT INTO `evolution_chains` VALUES (250,NULL);
INSERT INTO `evolution_chains` VALUES (252,NULL);
INSERT INTO `evolution_chains` VALUES (253,NULL);
INSERT INTO `evolution_chains` VALUES (254,NULL);
INSERT INTO `evolution_chains` VALUES (255,NULL);
INSERT INTO `evolution_chains` VALUES (256,NULL);
INSERT INTO `evolution_chains` VALUES (257,NULL);
INSERT INTO `evolution_chains` VALUES (258,NULL);
INSERT INTO `evolution_chains` VALUES (259,NULL);
INSERT INTO `evolution_chains` VALUES (260,NULL);
INSERT INTO `evolution_chains` VALUES (261,NULL);
INSERT INTO `evolution_chains` VALUES (262,NULL);
INSERT INTO `evolution_chains` VALUES (263,NULL);
INSERT INTO `evolution_chains` VALUES (264,NULL);
INSERT INTO `evolution_chains` VALUES (265,NULL);
INSERT INTO `evolution_chains` VALUES (266,NULL);
INSERT INTO `evolution_chains` VALUES (267,NULL);
INSERT INTO `evolution_chains` VALUES (268,NULL);
INSERT INTO `evolution_chains` VALUES (269,NULL);
INSERT INTO `evolution_chains` VALUES (270,NULL);
INSERT INTO `evolution_chains` VALUES (271,NULL);
INSERT INTO `evolution_chains` VALUES (272,NULL);
INSERT INTO `evolution_chains` VALUES (273,NULL);
INSERT INTO `evolution_chains` VALUES (274,NULL);
INSERT INTO `evolution_chains` VALUES (275,NULL);
INSERT INTO `evolution_chains` VALUES (276,NULL);
INSERT INTO `evolution_chains` VALUES (277,NULL);
INSERT INTO `evolution_chains` VALUES (278,NULL);
INSERT INTO `evolution_chains` VALUES (279,NULL);
INSERT INTO `evolution_chains` VALUES (280,NULL);
INSERT INTO `evolution_chains` VALUES (281,NULL);
INSERT INTO `evolution_chains` VALUES (282,NULL);
INSERT INTO `evolution_chains` VALUES (283,NULL);
INSERT INTO `evolution_chains` VALUES (284,NULL);
INSERT INTO `evolution_chains` VALUES (285,NULL);
INSERT INTO `evolution_chains` VALUES (286,NULL);
INSERT INTO `evolution_chains` VALUES (287,NULL);
INSERT INTO `evolution_chains` VALUES (288,NULL);
INSERT INTO `evolution_chains` VALUES (289,NULL);
INSERT INTO `evolution_chains` VALUES (290,NULL);
INSERT INTO `evolution_chains` VALUES (291,NULL);
INSERT INTO `evolution_chains` VALUES (292,NULL);
INSERT INTO `evolution_chains` VALUES (293,NULL);
INSERT INTO `evolution_chains` VALUES (294,NULL);
INSERT INTO `evolution_chains` VALUES (295,NULL);
INSERT INTO `evolution_chains` VALUES (296,NULL);
INSERT INTO `evolution_chains` VALUES (297,NULL);
INSERT INTO `evolution_chains` VALUES (298,NULL);
INSERT INTO `evolution_chains` VALUES (299,NULL);
INSERT INTO `evolution_chains` VALUES (300,NULL);
INSERT INTO `evolution_chains` VALUES (301,NULL);
INSERT INTO `evolution_chains` VALUES (302,NULL);
INSERT INTO `evolution_chains` VALUES (303,NULL);
INSERT INTO `evolution_chains` VALUES (304,NULL);
INSERT INTO `evolution_chains` VALUES (305,NULL);
INSERT INTO `evolution_chains` VALUES (306,NULL);
INSERT INTO `evolution_chains` VALUES (307,NULL);
INSERT INTO `evolution_chains` VALUES (308,NULL);
INSERT INTO `evolution_chains` VALUES (309,NULL);
INSERT INTO `evolution_chains` VALUES (310,NULL);
INSERT INTO `evolution_chains` VALUES (311,NULL);
INSERT INTO `evolution_chains` VALUES (312,NULL);
INSERT INTO `evolution_chains` VALUES (313,NULL);
INSERT INTO `evolution_chains` VALUES (314,NULL);
INSERT INTO `evolution_chains` VALUES (315,NULL);
INSERT INTO `evolution_chains` VALUES (316,NULL);
INSERT INTO `evolution_chains` VALUES (317,NULL);
INSERT INTO `evolution_chains` VALUES (318,NULL);
INSERT INTO `evolution_chains` VALUES (319,NULL);
INSERT INTO `evolution_chains` VALUES (320,NULL);
INSERT INTO `evolution_chains` VALUES (321,NULL);
INSERT INTO `evolution_chains` VALUES (322,NULL);
INSERT INTO `evolution_chains` VALUES (323,NULL);
INSERT INTO `evolution_chains` VALUES (324,NULL);
INSERT INTO `evolution_chains` VALUES (325,NULL);
INSERT INTO `evolution_chains` VALUES (326,NULL);
INSERT INTO `evolution_chains` VALUES (327,NULL);
INSERT INTO `evolution_chains` VALUES (328,NULL);
INSERT INTO `evolution_chains` VALUES (329,NULL);
INSERT INTO `evolution_chains` VALUES (330,NULL);
INSERT INTO `evolution_chains` VALUES (331,NULL);
INSERT INTO `evolution_chains` VALUES (332,NULL);
INSERT INTO `evolution_chains` VALUES (333,NULL);
INSERT INTO `evolution_chains` VALUES (334,NULL);
INSERT INTO `evolution_chains` VALUES (335,NULL);
INSERT INTO `evolution_chains` VALUES (336,NULL);
INSERT INTO `evolution_chains` VALUES (337,NULL);
INSERT INTO `evolution_chains` VALUES (338,NULL);
INSERT INTO `evolution_chains` VALUES (339,NULL);
INSERT INTO `evolution_chains` VALUES (340,NULL);
INSERT INTO `evolution_chains` VALUES (341,NULL);
INSERT INTO `evolution_chains` VALUES (342,NULL);
INSERT INTO `evolution_chains` VALUES (343,NULL);
INSERT INTO `evolution_chains` VALUES (344,NULL);
INSERT INTO `evolution_chains` VALUES (345,NULL);
INSERT INTO `evolution_chains` VALUES (346,NULL);
INSERT INTO `evolution_chains` VALUES (347,NULL);
INSERT INTO `evolution_chains` VALUES (348,NULL);
INSERT INTO `evolution_chains` VALUES (349,NULL);
INSERT INTO `evolution_chains` VALUES (350,NULL);
INSERT INTO `evolution_chains` VALUES (351,NULL);
INSERT INTO `evolution_chains` VALUES (352,NULL);
INSERT INTO `evolution_chains` VALUES (353,NULL);
INSERT INTO `evolution_chains` VALUES (354,NULL);
INSERT INTO `evolution_chains` VALUES (355,NULL);
INSERT INTO `evolution_chains` VALUES (356,NULL);
INSERT INTO `evolution_chains` VALUES (357,NULL);
INSERT INTO `evolution_chains` VALUES (358,NULL);
INSERT INTO `evolution_chains` VALUES (359,NULL);
INSERT INTO `evolution_chains` VALUES (360,NULL);
INSERT INTO `evolution_chains` VALUES (361,NULL);
INSERT INTO `evolution_chains` VALUES (362,NULL);
INSERT INTO `evolution_chains` VALUES (363,NULL);
INSERT INTO `evolution_chains` VALUES (364,NULL);
INSERT INTO `evolution_chains` VALUES (365,NULL);
INSERT INTO `evolution_chains` VALUES (366,NULL);
INSERT INTO `evolution_chains` VALUES (367,NULL);
INSERT INTO `evolution_chains` VALUES (368,NULL);
INSERT INTO `evolution_chains` VALUES (369,NULL);
INSERT INTO `evolution_chains` VALUES (370,NULL);
INSERT INTO `evolution_chains` VALUES (90,231);
INSERT INTO `evolution_chains` VALUES (100,232);
INSERT INTO `evolution_chains` VALUES (57,291);
INSERT INTO `evolution_chains` VALUES (91,292);
INSERT INTO `evolution_chains` VALUES (72,293);
INSERT INTO `evolution_chains` VALUES (116,294);
INSERT INTO `evolution_chains` VALUES (158,295);
INSERT INTO `evolution_chains` VALUES (51,296);
INSERT INTO `evolution_chains` VALUES (184,297);

/* Table structure for generations */
CREATE TABLE `generations` (
  `id` int(11) NOT NULL,
  `main_region_id` int(11) NOT NULL,
  `identifier` varchar(16) NOT NULL,
  PRIMARY KEY (`id`),
  KEY `main_region_id` (`main_region_id`),
  CONSTRAINT `generations_ibfk_1` FOREIGN KEY (`main_region_id`) REFERENCES `regions` (`id`)
) ENGINE=InnoDB DEFAULT CHARSET=utf8;

/* data for Table generations */
INSERT INTO `generations` VALUES (1,1,"generation-i");
INSERT INTO `generations` VALUES (2,2,"generation-ii");
INSERT INTO `generations` VALUES (3,3,"generation-iii");
INSERT INTO `generations` VALUES (4,4,"generation-iv");
INSERT INTO `generations` VALUES (5,5,"generation-v");
INSERT INTO `generations` VALUES (6,6,"generation-vi");

/* Table structure for growth_rates */
CREATE TABLE `growth_rates` (
  `id` int(11) NOT NULL,
  `identifier` varchar(20) NOT NULL,
  `formula` varchar(500) NOT NULL,
  PRIMARY KEY (`id`)
) ENGINE=InnoDB DEFAULT CHARSET=utf8;

/* data for Table growth_rates */
INSERT INTO `growth_rates` VALUES (1,"slow","frac{5x^3}{4}");
INSERT INTO `growth_rates` VALUES (2,"medium","x^3");
INSERT INTO `growth_rates` VALUES (3,"fast","frac{4x^3}{5}");
INSERT INTO `growth_rates` VALUES (4,"medium-slow","frac{6x^3}{5} - 15x^2 + 100x - 140");
INSERT INTO `growth_rates` VALUES (5,"slow-then-very-fast","egin{cases}\nfrac{ x^3 left( 100 - x \right) }{50},    & 	ext{if } x leq 50  \\\nfrac{ x^3 left( 150 - x \right) }{100},   & 	ext{if } 50 < x leq 68  \\\nfrac{ x^3 left( 1274 + (x mod 3)^2 - 9 (x mod 3) - 20 leftlfloor frac{x}{3} \right\rfloor \right) }{1000}, & 	ext{if } 68 < x leq 98  \\\nfrac{ x^3 left( 160 - x \right) }{100},   & 	ext{if } x > 98  \\\nend{cases}");
INSERT INTO `growth_rates` VALUES (6,"fast-then-very-slow","egin{cases}\nfrac{ x^3 left( 24 + leftlfloor frac{x+1}{3} \right\rfloor \right) }{50},  & 	ext{if } x leq 15  \\\nfrac{ x^3 left( 14 + x \right) }{50},     & 	ext{if } 15 < x leq 35  \\\nfrac{ x^3 left( 32 + leftlfloor frac{x}{2} \right\rfloor \right ) }{50},   & 	ext{if } x > 35  \\\nend{cases}");

/* Table structure for item_categories */
CREATE TABLE `item_categories` (
  `id` int(11) NOT NULL,
  `pocket_id` int(11) NOT NULL,
  `identifier` varchar(16) NOT NULL,
  PRIMARY KEY (`id`),
  KEY `pocket_id` (`pocket_id`),
  CONSTRAINT `item_categories_ibfk_1` FOREIGN KEY (`pocket_id`) REFERENCES `item_pockets` (`id`)
) ENGINE=InnoDB DEFAULT CHARSET=utf8;

/* data for Table item_categories */
INSERT INTO `item_categories` VALUES (1,7,"stat-boosts");
INSERT INTO `item_categories` VALUES (2,5,"effort-drop");
INSERT INTO `item_categories` VALUES (3,5,"medicine");
INSERT INTO `item_categories` VALUES (4,5,"other");
INSERT INTO `item_categories` VALUES (5,5,"in-a-pinch");
INSERT INTO `item_categories` VALUES (6,5,"picky-healing");
INSERT INTO `item_categories` VALUES (7,5,"type-protection");
INSERT INTO `item_categories` VALUES (8,5,"baking-only");
INSERT INTO `item_categories` VALUES (9,1,"collectibles");
INSERT INTO `item_categories` VALUES (10,1,"evolution");
INSERT INTO `item_categories` VALUES (11,1,"spelunking");
INSERT INTO `item_categories` VALUES (12,1,"held-items");
INSERT INTO `item_categories` VALUES (13,1,"choice");
INSERT INTO `item_categories` VALUES (14,1,"effort-training");
INSERT INTO `item_categories` VALUES (15,1,"bad-held-items");
INSERT INTO `item_categories` VALUES (16,1,"training");
INSERT INTO `item_categories` VALUES (17,1,"plates");
INSERT INTO `item_categories` VALUES (18,1,"species-specific");
INSERT INTO `item_categories` VALUES (19,1,"type-enhancement");
INSERT INTO `item_categories` VALUES (20,8,"event-items");
INSERT INTO `item_categories` VALUES (21,8,"gameplay");
INSERT INTO `item_categories` VALUES (22,8,"plot-advancement");
INSERT INTO `item_categories` VALUES (23,8,"unused");
INSERT INTO `item_categories` VALUES (24,1,"loot");
INSERT INTO `item_categories` VALUES (25,6,"");
INSERT INTO `item_categories` VALUES (26,2,"vitamins");
INSERT INTO `item_categories` VALUES (27,2,"healing");
INSERT INTO `item_categories` VALUES (28,2,"pp-recovery");
INSERT INTO `item_categories` VALUES (29,2,"revival");
INSERT INTO `item_categories` VALUES (30,2,"status-cures");
INSERT INTO `item_categories` VALUES (32,1,"mulch");
INSERT INTO `item_categories` VALUES (33,3,"special-balls");
INSERT INTO `item_categories` VALUES (34,3,"standard-balls");
INSERT INTO `item_categories` VALUES (35,1,"dex-completion");
INSERT INTO `item_categories` VALUES (36,1,"scarves");
INSERT INTO `item_categories` VALUES (37,4,"");
INSERT INTO `item_categories` VALUES (38,7,"flutes");
INSERT INTO `item_categories` VALUES (39,3,"apricorn-balls");
INSERT INTO `item_categories` VALUES (40,8,"apricorn-box");
INSERT INTO `item_categories` VALUES (41,8,"data-cards");
INSERT INTO `item_categories` VALUES (42,1,"jewels");
INSERT INTO `item_categories` VALUES (43,7,"miracle-shooter");
INSERT INTO `item_categories` VALUES (44,1,"mega-stones");
INSERT INTO `item_categories` VALUES (10001,8,"xy-unknown");

/* Table structure for item_fling_effects */
CREATE TABLE `item_fling_effects` (
  `id` int(11) NOT NULL,
  PRIMARY KEY (`id`)
) ENGINE=InnoDB DEFAULT CHARSET=utf8;

/* data for Table item_fling_effects */
INSERT INTO `item_fling_effects` VALUES (1);
INSERT INTO `item_fling_effects` VALUES (2);
INSERT INTO `item_fling_effects` VALUES (3);
INSERT INTO `item_fling_effects` VALUES (4);
INSERT INTO `item_fling_effects` VALUES (5);
INSERT INTO `item_fling_effects` VALUES (6);
INSERT INTO `item_fling_effects` VALUES (7);

/* Table structure for item_pockets */
CREATE TABLE `item_pockets` (
  `id` int(11) NOT NULL,
  `identifier` varchar(16) NOT NULL,
  PRIMARY KEY (`id`)
) ENGINE=InnoDB DEFAULT CHARSET=utf8;

/* data for Table item_pockets */
INSERT INTO `item_pockets` VALUES (1,"misc");
INSERT INTO `item_pockets` VALUES (2,"medicine");
INSERT INTO `item_pockets` VALUES (3,"pokeballs");
INSERT INTO `item_pockets` VALUES (4,"machines");
INSERT INTO `item_pockets` VALUES (5,"berries");
INSERT INTO `item_pockets` VALUES (6,"mail");
INSERT INTO `item_pockets` VALUES (7,"battle");
INSERT INTO `item_pockets` VALUES (8,"key");

/* Table structure for items */
CREATE TABLE `items` (
  `id` int(11) NOT NULL,
  `identifier` varchar(20) NOT NULL,
  `category_id` int(11) NOT NULL,
  `cost` int(11) NOT NULL,
  `fling_power` int(11) DEFAULT NULL,
  `fling_effect_id` int(11) DEFAULT NULL,
  PRIMARY KEY (`id`),
  KEY `category_id` (`category_id`),
  KEY `fling_effect_id` (`fling_effect_id`),
  CONSTRAINT `items_ibfk_1` FOREIGN KEY (`category_id`) REFERENCES `item_categories` (`id`),
  CONSTRAINT `items_ibfk_2` FOREIGN KEY (`fling_effect_id`) REFERENCES `item_fling_effects` (`id`)
) ENGINE=InnoDB DEFAULT CHARSET=utf8;

/* data for Table items */
INSERT INTO `items` VALUES (1,"master-ball",34,0,NULL,NULL);
INSERT INTO `items` VALUES (2,"ultra-ball",34,1200,NULL,NULL);
INSERT INTO `items` VALUES (3,"great-ball",34,600,NULL,NULL);
INSERT INTO `items` VALUES (4,"poke-ball",34,200,NULL,NULL);
INSERT INTO `items` VALUES (5,"safari-ball",34,0,NULL,NULL);
INSERT INTO `items` VALUES (6,"net-ball",33,1000,NULL,NULL);
INSERT INTO `items` VALUES (7,"dive-ball",33,1000,NULL,NULL);
INSERT INTO `items` VALUES (8,"nest-ball",33,1000,NULL,NULL);
INSERT INTO `items` VALUES (9,"repeat-ball",33,1000,NULL,NULL);
INSERT INTO `items` VALUES (10,"timer-ball",33,1000,NULL,NULL);
INSERT INTO `items` VALUES (11,"luxury-ball",33,1000,NULL,NULL);
INSERT INTO `items` VALUES (12,"premier-ball",33,200,NULL,NULL);
INSERT INTO `items` VALUES (13,"dusk-ball",33,1000,NULL,NULL);
INSERT INTO `items` VALUES (14,"heal-ball",33,300,NULL,NULL);
INSERT INTO `items` VALUES (15,"quick-ball",33,1000,NULL,NULL);
INSERT INTO `items` VALUES (16,"cherish-ball",33,200,NULL,NULL);
INSERT INTO `items` VALUES (17,"potion",27,300,30,NULL);
INSERT INTO `items` VALUES (18,"antidote",30,100,30,NULL);
INSERT INTO `items` VALUES (19,"burn-heal",30,250,30,NULL);
INSERT INTO `items` VALUES (20,"ice-heal",30,250,30,NULL);
INSERT INTO `items` VALUES (21,"awakening",30,250,30,NULL);
INSERT INTO `items` VALUES (22,"paralyze-heal",30,200,30,NULL);
INSERT INTO `items` VALUES (23,"full-restore",27,3000,30,NULL);
INSERT INTO `items` VALUES (24,"max-potion",27,2500,30,NULL);
INSERT INTO `items` VALUES (25,"hyper-potion",27,1200,30,NULL);
INSERT INTO `items` VALUES (26,"super-potion",27,700,30,NULL);
INSERT INTO `items` VALUES (27,"full-heal",30,600,30,NULL);
INSERT INTO `items` VALUES (28,"revive",29,1500,30,NULL);
INSERT INTO `items` VALUES (29,"max-revive",29,4000,30,NULL);
INSERT INTO `items` VALUES (30,"fresh-water",27,200,30,NULL);
INSERT INTO `items` VALUES (31,"soda-pop",27,300,30,NULL);
INSERT INTO `items` VALUES (32,"lemonade",27,350,30,NULL);
INSERT INTO `items` VALUES (33,"moomoo-milk",27,500,30,NULL);
INSERT INTO `items` VALUES (34,"energypowder",27,500,30,NULL);
INSERT INTO `items` VALUES (35,"energy-root",27,800,30,NULL);
INSERT INTO `items` VALUES (36,"heal-powder",30,450,30,NULL);
INSERT INTO `items` VALUES (37,"revival-herb",29,2800,30,NULL);
INSERT INTO `items` VALUES (38,"ether",28,1200,30,NULL);
INSERT INTO `items` VALUES (39,"max-ether",28,2000,30,NULL);
INSERT INTO `items` VALUES (40,"elixir",28,3000,30,NULL);
INSERT INTO `items` VALUES (41,"max-elixir",28,4500,30,NULL);
INSERT INTO `items` VALUES (42,"lava-cookie",30,200,30,NULL);
INSERT INTO `items` VALUES (43,"berry-juice",27,100,30,NULL);
INSERT INTO `items` VALUES (44,"sacred-ash",29,200,30,NULL);
INSERT INTO `items` VALUES (45,"hp-up",26,9800,30,NULL);
INSERT INTO `items` VALUES (46,"protein",26,9800,30,NULL);
INSERT INTO `items` VALUES (47,"iron",26,9800,30,NULL);
INSERT INTO `items` VALUES (48,"carbos",26,9800,30,NULL);
INSERT INTO `items` VALUES (49,"calcium",26,9800,30,NULL);
INSERT INTO `items` VALUES (50,"rare-candy",26,4800,30,NULL);
INSERT INTO `items` VALUES (51,"pp-up",26,9800,30,NULL);
INSERT INTO `items` VALUES (52,"zinc",26,9800,30,NULL);
INSERT INTO `items` VALUES (53,"pp-max",26,9800,30,NULL);
INSERT INTO `items` VALUES (54,"old-gateau",30,200,30,NULL);
INSERT INTO `items` VALUES (55,"guard-spec",1,700,30,NULL);
INSERT INTO `items` VALUES (56,"dire-hit",1,650,30,NULL);
INSERT INTO `items` VALUES (57,"x-attack",1,500,30,NULL);
INSERT INTO `items` VALUES (58,"x-defense",1,550,30,NULL);
INSERT INTO `items` VALUES (59,"x-speed",1,350,30,NULL);
INSERT INTO `items` VALUES (60,"x-accuracy",1,950,30,NULL);
INSERT INTO `items` VALUES (61,"x-special",1,350,30,NULL);
INSERT INTO `items` VALUES (62,"x-sp-def",1,350,30,NULL);
INSERT INTO `items` VALUES (63,"poke-doll",11,1000,30,NULL);
INSERT INTO `items` VALUES (64,"fluffy-tail",11,1000,30,NULL);
INSERT INTO `items` VALUES (65,"blue-flute",38,100,30,NULL);
INSERT INTO `items` VALUES (66,"yellow-flute",38,200,30,NULL);
INSERT INTO `items` VALUES (67,"red-flute",38,300,30,NULL);
INSERT INTO `items` VALUES (68,"black-flute",11,400,30,NULL);
INSERT INTO `items` VALUES (69,"white-flute",11,500,30,NULL);
INSERT INTO `items` VALUES (70,"shoal-salt",9,20,30,NULL);
INSERT INTO `items` VALUES (71,"shoal-shell",9,20,30,NULL);
INSERT INTO `items` VALUES (72,"red-shard",9,200,30,NULL);
INSERT INTO `items` VALUES (73,"blue-shard",9,200,30,NULL);
INSERT INTO `items` VALUES (74,"yellow-shard",9,200,30,NULL);
INSERT INTO `items` VALUES (75,"green-shard",9,200,30,NULL);
INSERT INTO `items` VALUES (76,"super-repel",11,500,30,NULL);
INSERT INTO `items` VALUES (77,"max-repel",11,700,30,NULL);
INSERT INTO `items` VALUES (78,"escape-rope",11,550,30,NULL);
INSERT INTO `items` VALUES (79,"repel",11,350,30,NULL);
INSERT INTO `items` VALUES (80,"sun-stone",10,2100,30,NULL);
INSERT INTO `items` VALUES (81,"moon-stone",10,2100,30,NULL);
INSERT INTO `items` VALUES (82,"fire-stone",10,2100,30,NULL);
INSERT INTO `items` VALUES (83,"thunderstone",10,2100,30,NULL);
INSERT INTO `items` VALUES (84,"water-stone",10,2100,30,NULL);
INSERT INTO `items` VALUES (85,"leaf-stone",10,2100,30,NULL);
INSERT INTO `items` VALUES (86,"tinymushroom",24,500,30,NULL);
INSERT INTO `items` VALUES (87,"big-mushroom",24,5000,30,NULL);
INSERT INTO `items` VALUES (88,"pearl",24,1400,30,NULL);
INSERT INTO `items` VALUES (89,"big-pearl",24,7500,30,NULL);
INSERT INTO `items` VALUES (90,"stardust",24,2000,30,NULL);
INSERT INTO `items` VALUES (91,"star-piece",24,9800,30,NULL);
INSERT INTO `items` VALUES (92,"nugget",24,10000,30,NULL);
INSERT INTO `items` VALUES (93,"heart-scale",9,100,30,NULL);
INSERT INTO `items` VALUES (94,"honey",35,100,30,NULL);
INSERT INTO `items` VALUES (95,"growth-mulch",32,200,30,NULL);
INSERT INTO `items` VALUES (96,"damp-mulch",32,200,30,NULL);
INSERT INTO `items` VALUES (97,"stable-mulch",32,200,30,NULL);
INSERT INTO `items` VALUES (98,"gooey-mulch",32,200,30,NULL);
INSERT INTO `items` VALUES (99,"root-fossil",35,1000,100,NULL);
INSERT INTO `items` VALUES (100,"claw-fossil",35,1000,100,NULL);
INSERT INTO `items` VALUES (101,"helix-fossil",35,1000,100,NULL);
INSERT INTO `items` VALUES (102,"dome-fossil",35,1000,100,NULL);
INSERT INTO `items` VALUES (103,"old-amber",35,1000,100,NULL);
INSERT INTO `items` VALUES (104,"armor-fossil",35,1000,100,NULL);
INSERT INTO `items` VALUES (105,"skull-fossil",35,1000,100,NULL);
INSERT INTO `items` VALUES (106,"rare-bone",24,10000,100,NULL);
INSERT INTO `items` VALUES (107,"shiny-stone",10,2100,80,NULL);
INSERT INTO `items` VALUES (108,"dusk-stone",10,2100,80,NULL);
INSERT INTO `items` VALUES (109,"dawn-stone",10,2100,80,NULL);
INSERT INTO `items` VALUES (110,"oval-stone",10,2100,80,NULL);
INSERT INTO `items` VALUES (111,"odd-keystone",35,2100,80,NULL);
INSERT INTO `items` VALUES (112,"adamant-orb",18,10000,60,NULL);
INSERT INTO `items` VALUES (113,"lustrous-orb",18,10000,60,NULL);
INSERT INTO `items` VALUES (114,"grass-mail",25,50,NULL,NULL);
INSERT INTO `items` VALUES (115,"flame-mail",25,50,NULL,NULL);
INSERT INTO `items` VALUES (116,"bubble-mail",25,50,NULL,NULL);
INSERT INTO `items` VALUES (117,"bloom-mail",25,50,NULL,NULL);
INSERT INTO `items` VALUES (118,"tunnel-mail",25,50,NULL,NULL);
INSERT INTO `items` VALUES (119,"steel-mail",25,50,NULL,NULL);
INSERT INTO `items` VALUES (120,"heart-mail",25,50,NULL,NULL);
INSERT INTO `items` VALUES (121,"snow-mail",25,50,NULL,NULL);
INSERT INTO `items` VALUES (122,"space-mail",25,50,NULL,NULL);
INSERT INTO `items` VALUES (123,"air-mail",25,50,NULL,NULL);
INSERT INTO `items` VALUES (124,"mosaic-mail",25,50,NULL,NULL);
INSERT INTO `items` VALUES (125,"brick-mail",25,50,NULL,NULL);
INSERT INTO `items` VALUES (126,"cheri-berry",3,20,10,3);
INSERT INTO `items` VALUES (127,"chesto-berry",3,20,10,3);
INSERT INTO `items` VALUES (128,"pecha-berry",3,20,10,3);
INSERT INTO `items` VALUES (129,"rawst-berry",3,20,10,3);
INSERT INTO `items` VALUES (130,"aspear-berry",3,20,10,3);
INSERT INTO `items` VALUES (131,"leppa-berry",3,20,10,3);
INSERT INTO `items` VALUES (132,"oran-berry",3,20,10,3);
INSERT INTO `items` VALUES (133,"persim-berry",3,20,10,3);
INSERT INTO `items` VALUES (134,"lum-berry",3,20,10,3);
INSERT INTO `items` VALUES (135,"sitrus-berry",3,20,10,3);
INSERT INTO `items` VALUES (136,"figy-berry",6,20,10,3);
INSERT INTO `items` VALUES (137,"wiki-berry",6,20,10,3);
INSERT INTO `items` VALUES (138,"mago-berry",6,20,10,3);
INSERT INTO `items` VALUES (139,"aguav-berry",6,20,10,3);
INSERT INTO `items` VALUES (140,"iapapa-berry",6,20,10,3);
INSERT INTO `items` VALUES (141,"razz-berry",8,20,10,NULL);
INSERT INTO `items` VALUES (142,"bluk-berry",8,20,10,NULL);
INSERT INTO `items` VALUES (143,"nanab-berry",8,20,10,NULL);
INSERT INTO `items` VALUES (144,"wepear-berry",8,20,10,NULL);
INSERT INTO `items` VALUES (145,"pinap-berry",8,20,10,NULL);
INSERT INTO `items` VALUES (146,"pomeg-berry",2,20,10,NULL);
INSERT INTO `items` VALUES (147,"kelpsy-berry",2,20,10,NULL);
INSERT INTO `items` VALUES (148,"qualot-berry",2,20,10,NULL);
INSERT INTO `items` VALUES (149,"hondew-berry",2,20,10,NULL);
INSERT INTO `items` VALUES (150,"grepa-berry",2,20,10,NULL);
INSERT INTO `items` VALUES (151,"tamato-berry",2,20,10,NULL);
INSERT INTO `items` VALUES (152,"cornn-berry",8,20,10,NULL);
INSERT INTO `items` VALUES (153,"magost-berry",8,20,10,NULL);
INSERT INTO `items` VALUES (154,"rabuta-berry",8,20,10,NULL);
INSERT INTO `items` VALUES (155,"nomel-berry",8,20,10,NULL);
INSERT INTO `items` VALUES (156,"spelon-berry",8,20,10,NULL);
INSERT INTO `items` VALUES (157,"pamtre-berry",8,20,10,NULL);
INSERT INTO `items` VALUES (158,"watmel-berry",8,20,10,NULL);
INSERT INTO `items` VALUES (159,"durin-berry",8,20,10,NULL);
INSERT INTO `items` VALUES (160,"belue-berry",8,20,10,NULL);
INSERT INTO `items` VALUES (161,"occa-berry",7,20,10,NULL);
INSERT INTO `items` VALUES (162,"passho-berry",7,20,10,NULL);
INSERT INTO `items` VALUES (163,"wacan-berry",7,20,10,NULL);
INSERT INTO `items` VALUES (164,"rindo-berry",7,20,10,NULL);
INSERT INTO `items` VALUES (165,"yache-berry",7,20,10,NULL);
INSERT INTO `items` VALUES (166,"chople-berry",7,20,10,NULL);
INSERT INTO `items` VALUES (167,"kebia-berry",7,20,10,NULL);
INSERT INTO `items` VALUES (168,"shuca-berry",7,20,10,NULL);
INSERT INTO `items` VALUES (169,"coba-berry",7,20,10,NULL);
INSERT INTO `items` VALUES (170,"payapa-berry",7,20,10,NULL);
INSERT INTO `items` VALUES (171,"tanga-berry",7,20,10,NULL);
INSERT INTO `items` VALUES (172,"charti-berry",7,20,10,NULL);
INSERT INTO `items` VALUES (173,"kasib-berry",7,20,10,NULL);
INSERT INTO `items` VALUES (174,"haban-berry",7,20,10,NULL);
INSERT INTO `items` VALUES (175,"colbur-berry",7,20,10,NULL);
INSERT INTO `items` VALUES (176,"babiri-berry",7,20,10,NULL);
INSERT INTO `items` VALUES (177,"chilan-berry",7,20,10,NULL);
INSERT INTO `items` VALUES (178,"liechi-berry",5,20,10,3);
INSERT INTO `items` VALUES (179,"ganlon-berry",5,20,10,3);
INSERT INTO `items` VALUES (180,"salac-berry",5,20,10,3);
INSERT INTO `items` VALUES (181,"petaya-berry",5,20,10,3);
INSERT INTO `items` VALUES (182,"apicot-berry",5,20,10,3);
INSERT INTO `items` VALUES (183,"lansat-berry",5,20,10,3);
INSERT INTO `items` VALUES (184,"starf-berry",5,20,10,3);
INSERT INTO `items` VALUES (185,"enigma-berry",4,20,10,NULL);
INSERT INTO `items` VALUES (186,"micle-berry",5,20,10,3);
INSERT INTO `items` VALUES (187,"custap-berry",5,20,10,NULL);
INSERT INTO `items` VALUES (188,"jaboca-berry",4,20,10,NULL);
INSERT INTO `items` VALUES (189,"rowap-berry",4,20,10,NULL);
INSERT INTO `items` VALUES (190,"brightpowder",12,10,10,NULL);
INSERT INTO `items` VALUES (191,"white-herb",12,100,10,4);
INSERT INTO `items` VALUES (192,"macho-brace",14,3000,60,NULL);
INSERT INTO `items` VALUES (193,"exp-share",16,3000,30,NULL);
INSERT INTO `items` VALUES (194,"quick-claw",12,100,80,NULL);
INSERT INTO `items` VALUES (195,"soothe-bell",16,100,10,NULL);
INSERT INTO `items` VALUES (196,"mental-herb",12,100,10,4);
INSERT INTO `items` VALUES (197,"choice-band",13,100,10,NULL);
INSERT INTO `items` VALUES (198,"kings-rock",12,100,30,7);
INSERT INTO `items` VALUES (199,"silverpowder",19,100,10,NULL);
INSERT INTO `items` VALUES (200,"amulet-coin",16,100,30,NULL);
INSERT INTO `items` VALUES (201,"cleanse-tag",16,200,30,NULL);
INSERT INTO `items` VALUES (202,"soul-dew",18,200,30,NULL);
INSERT INTO `items` VALUES (203,"deepseatooth",18,200,90,NULL);
INSERT INTO `items` VALUES (204,"deepseascale",18,200,30,NULL);
INSERT INTO `items` VALUES (205,"smoke-ball",12,200,30,NULL);
INSERT INTO `items` VALUES (206,"everstone",16,200,30,NULL);
INSERT INTO `items` VALUES (207,"focus-band",12,200,10,NULL);
INSERT INTO `items` VALUES (208,"lucky-egg",16,200,30,NULL);
INSERT INTO `items` VALUES (209,"scope-lens",12,200,30,NULL);
INSERT INTO `items` VALUES (210,"metal-coat",19,100,30,NULL);
INSERT INTO `items` VALUES (211,"leftovers",12,200,10,NULL);
INSERT INTO `items` VALUES (212,"dragon-scale",10,2100,30,NULL);
INSERT INTO `items` VALUES (213,"light-ball",18,100,30,5);
INSERT INTO `items` VALUES (214,"soft-sand",19,100,10,NULL);
INSERT INTO `items` VALUES (215,"hard-stone",19,100,100,NULL);
INSERT INTO `items` VALUES (216,"miracle-seed",19,100,30,NULL);
INSERT INTO `items` VALUES (217,"blackglasses",19,100,30,NULL);
INSERT INTO `items` VALUES (218,"black-belt",19,100,30,NULL);
INSERT INTO `items` VALUES (219,"magnet",19,100,30,NULL);
INSERT INTO `items` VALUES (220,"mystic-water",19,100,30,NULL);
INSERT INTO `items` VALUES (221,"sharp-beak",19,100,50,NULL);
INSERT INTO `items` VALUES (222,"poison-barb",19,100,70,6);
INSERT INTO `items` VALUES (223,"never-melt-ice",19,100,30,NULL);
INSERT INTO `items` VALUES (224,"spell-tag",19,100,30,NULL);
INSERT INTO `items` VALUES (225,"twistedspoon",19,100,30,NULL);
INSERT INTO `items` VALUES (226,"charcoal",19,9800,30,NULL);
INSERT INTO `items` VALUES (227,"dragon-fang",19,100,70,NULL);
INSERT INTO `items` VALUES (228,"silk-scarf",19,100,10,NULL);
INSERT INTO `items` VALUES (229,"up-grade",10,2100,30,NULL);
INSERT INTO `items` VALUES (230,"shell-bell",12,200,30,NULL);
INSERT INTO `items` VALUES (231,"sea-incense",19,9600,10,NULL);
INSERT INTO `items` VALUES (232,"lax-incense",12,9600,10,NULL);
INSERT INTO `items` VALUES (233,"lucky-punch",18,10,40,NULL);
INSERT INTO `items` VALUES (234,"metal-powder",18,10,10,NULL);
INSERT INTO `items` VALUES (235,"thick-club",18,500,90,NULL);
INSERT INTO `items` VALUES (236,"stick",18,200,60,NULL);
INSERT INTO `items` VALUES (237,"red-scarf",36,100,10,NULL);
INSERT INTO `items` VALUES (238,"blue-scarf",36,100,10,NULL);
INSERT INTO `items` VALUES (239,"pink-scarf",36,100,10,NULL);
INSERT INTO `items` VALUES (240,"green-scarf",36,100,10,NULL);
INSERT INTO `items` VALUES (241,"yellow-scarf",36,100,10,NULL);
INSERT INTO `items` VALUES (242,"wide-lens",12,200,10,NULL);
INSERT INTO `items` VALUES (243,"muscle-band",12,200,10,NULL);
INSERT INTO `items` VALUES (244,"wise-glasses",12,200,10,NULL);
INSERT INTO `items` VALUES (245,"expert-belt",12,200,10,NULL);
INSERT INTO `items` VALUES (246,"light-clay",12,200,30,NULL);
INSERT INTO `items` VALUES (247,"life-orb",12,200,30,NULL);
INSERT INTO `items` VALUES (248,"power-herb",12,100,10,NULL);
INSERT INTO `items` VALUES (249,"toxic-orb",15,100,30,1);
INSERT INTO `items` VALUES (250,"flame-orb",15,100,30,2);
INSERT INTO `items` VALUES (251,"quick-powder",18,10,10,NULL);
INSERT INTO `items` VALUES (252,"focus-sash",12,200,10,NULL);
INSERT INTO `items` VALUES (253,"zoom-lens",12,200,10,NULL);
INSERT INTO `items` VALUES (254,"metronome",12,200,30,NULL);
INSERT INTO `items` VALUES (255,"iron-ball",15,200,130,NULL);
INSERT INTO `items` VALUES (256,"lagging-tail",15,200,10,NULL);
INSERT INTO `items` VALUES (257,"destiny-knot",12,200,10,NULL);
INSERT INTO `items` VALUES (258,"black-sludge",12,200,30,NULL);
INSERT INTO `items` VALUES (259,"icy-rock",12,200,40,NULL);
INSERT INTO `items` VALUES (260,"smooth-rock",12,200,10,NULL);
INSERT INTO `items` VALUES (261,"heat-rock",12,200,60,NULL);
INSERT INTO `items` VALUES (262,"damp-rock",12,200,60,NULL);
INSERT INTO `items` VALUES (263,"grip-claw",12,200,90,NULL);
INSERT INTO `items` VALUES (264,"choice-scarf",13,200,10,NULL);
INSERT INTO `items` VALUES (265,"sticky-barb",15,200,80,NULL);
INSERT INTO `items` VALUES (266,"power-bracer",14,3000,70,NULL);
INSERT INTO `items` VALUES (267,"power-belt",14,3000,70,NULL);
INSERT INTO `items` VALUES (268,"power-lens",14,3000,70,NULL);
INSERT INTO `items` VALUES (269,"power-band",14,3000,70,NULL);
INSERT INTO `items` VALUES (270,"power-anklet",14,3000,70,NULL);
INSERT INTO `items` VALUES (271,"power-weight",14,3000,70,NULL);
INSERT INTO `items` VALUES (272,"shed-shell",12,100,10,NULL);
INSERT INTO `items` VALUES (273,"big-root",12,200,10,NULL);
INSERT INTO `items` VALUES (274,"choice-specs",13,200,10,NULL);
INSERT INTO `items` VALUES (275,"flame-plate",17,1000,90,NULL);
INSERT INTO `items` VALUES (276,"splash-plate",17,1000,90,NULL);
INSERT INTO `items` VALUES (277,"zap-plate",17,1000,90,NULL);
INSERT INTO `items` VALUES (278,"meadow-plate",17,1000,90,NULL);
INSERT INTO `items` VALUES (279,"icicle-plate",17,1000,90,NULL);
INSERT INTO `items` VALUES (280,"fist-plate",17,1000,90,NULL);
INSERT INTO `items` VALUES (281,"toxic-plate",17,1000,90,NULL);
INSERT INTO `items` VALUES (282,"earth-plate",17,1000,90,NULL);
INSERT INTO `items` VALUES (283,"sky-plate",17,1000,90,NULL);
INSERT INTO `items` VALUES (284,"mind-plate",17,1000,90,NULL);
INSERT INTO `items` VALUES (285,"insect-plate",17,1000,90,NULL);
INSERT INTO `items` VALUES (286,"stone-plate",17,1000,90,NULL);
INSERT INTO `items` VALUES (287,"spooky-plate",17,1000,90,NULL);
INSERT INTO `items` VALUES (288,"draco-plate",17,1000,90,NULL);
INSERT INTO `items` VALUES (289,"dread-plate",17,1000,90,NULL);
INSERT INTO `items` VALUES (290,"iron-plate",17,1000,90,NULL);
INSERT INTO `items` VALUES (291,"odd-incense",19,9600,10,NULL);
INSERT INTO `items` VALUES (292,"rock-incense",19,9600,10,NULL);
INSERT INTO `items` VALUES (293,"full-incense",15,9600,10,NULL);
INSERT INTO `items` VALUES (294,"wave-incense",19,9600,10,NULL);
INSERT INTO `items` VALUES (295,"rose-incense",19,9600,10,NULL);
INSERT INTO `items` VALUES (296,"luck-incense",16,9600,10,NULL);
INSERT INTO `items` VALUES (297,"pure-incense",16,9600,10,NULL);
INSERT INTO `items` VALUES (298,"protector",10,2100,80,NULL);
INSERT INTO `items` VALUES (299,"electirizer",10,2100,80,NULL);
INSERT INTO `items` VALUES (300,"magmarizer",10,2100,80,NULL);
INSERT INTO `items` VALUES (301,"dubious-disc",10,2100,50,NULL);
INSERT INTO `items` VALUES (302,"reaper-cloth",10,2100,10,NULL);
INSERT INTO `items` VALUES (303,"razor-claw",12,2100,80,NULL);
INSERT INTO `items` VALUES (304,"razor-fang",12,2100,30,7);
INSERT INTO `items` VALUES (305,"tm01",37,3000,NULL,NULL);
INSERT INTO `items` VALUES (306,"tm02",37,3000,NULL,NULL);
INSERT INTO `items` VALUES (307,"tm03",37,3000,NULL,NULL);
INSERT INTO `items` VALUES (308,"tm04",37,1500,NULL,NULL);
INSERT INTO `items` VALUES (309,"tm05",37,1000,NULL,NULL);
INSERT INTO `items` VALUES (310,"tm06",37,3000,NULL,NULL);
INSERT INTO `items` VALUES (311,"tm07",37,2000,NULL,NULL);
INSERT INTO `items` VALUES (312,"tm08",37,1500,NULL,NULL);
INSERT INTO `items` VALUES (313,"tm09",37,2000,NULL,NULL);
INSERT INTO `items` VALUES (314,"tm10",37,2000,NULL,NULL);
INSERT INTO `items` VALUES (315,"tm11",37,2000,NULL,NULL);
INSERT INTO `items` VALUES (316,"tm12",37,1500,NULL,NULL);
INSERT INTO `items` VALUES (317,"tm13",37,3000,NULL,NULL);
INSERT INTO `items` VALUES (318,"tm14",37,5500,NULL,NULL);
INSERT INTO `items` VALUES (319,"tm15",37,7500,NULL,NULL);
INSERT INTO `items` VALUES (320,"tm16",37,2000,NULL,NULL);
INSERT INTO `items` VALUES (321,"tm17",37,2000,NULL,NULL);
INSERT INTO `items` VALUES (322,"tm18",37,2000,NULL,NULL);
INSERT INTO `items` VALUES (323,"tm19",37,3000,NULL,NULL);
INSERT INTO `items` VALUES (324,"tm20",37,2000,NULL,NULL);
INSERT INTO `items` VALUES (325,"tm21",37,1000,NULL,NULL);
INSERT INTO `items` VALUES (326,"tm22",37,3000,NULL,NULL);
INSERT INTO `items` VALUES (327,"tm23",37,3000,NULL,NULL);
INSERT INTO `items` VALUES (328,"tm24",37,3000,NULL,NULL);
INSERT INTO `items` VALUES (329,"tm25",37,5500,NULL,NULL);
INSERT INTO `items` VALUES (330,"tm26",37,3000,NULL,NULL);
INSERT INTO `items` VALUES (331,"tm27",37,1000,NULL,NULL);
INSERT INTO `items` VALUES (332,"tm28",37,2000,NULL,NULL);
INSERT INTO `items` VALUES (333,"tm29",37,3000,NULL,NULL);
INSERT INTO `items` VALUES (334,"tm30",37,3000,NULL,NULL);
INSERT INTO `items` VALUES (335,"tm31",37,3000,NULL,NULL);
INSERT INTO `items` VALUES (336,"tm32",37,1000,NULL,NULL);
INSERT INTO `items` VALUES (337,"tm33",37,2000,NULL,NULL);
INSERT INTO `items` VALUES (338,"tm34",37,3000,NULL,NULL);
INSERT INTO `items` VALUES (339,"tm35",37,3000,NULL,NULL);
INSERT INTO `items` VALUES (340,"tm36",37,3000,NULL,NULL);
INSERT INTO `items` VALUES (341,"tm37",37,2000,NULL,NULL);
INSERT INTO `items` VALUES (342,"tm38",37,5500,NULL,NULL);
INSERT INTO `items` VALUES (343,"tm39",37,2000,NULL,NULL);
INSERT INTO `items` VALUES (344,"tm40",37,3000,NULL,NULL);
INSERT INTO `items` VALUES (345,"tm41",37,1500,NULL,NULL);
INSERT INTO `items` VALUES (346,"tm42",37,3000,NULL,NULL);
INSERT INTO `items` VALUES (347,"tm43",37,2000,NULL,NULL);
INSERT INTO `items` VALUES (348,"tm44",37,3000,NULL,NULL);
INSERT INTO `items` VALUES (349,"tm45",37,3000,NULL,NULL);
INSERT INTO `items` VALUES (350,"tm46",37,2000,NULL,NULL);
INSERT INTO `items` VALUES (351,"tm47",37,3000,NULL,NULL);
INSERT INTO `items` VALUES (352,"tm48",37,3000,NULL,NULL);
INSERT INTO `items` VALUES (353,"tm49",37,1500,NULL,NULL);
INSERT INTO `items` VALUES (354,"tm50",37,5500,NULL,NULL);
INSERT INTO `items` VALUES (355,"tm51",37,2000,NULL,NULL);
INSERT INTO `items` VALUES (356,"tm52",37,5500,NULL,NULL);
INSERT INTO `items` VALUES (357,"tm53",37,3000,NULL,NULL);
INSERT INTO `items` VALUES (358,"tm54",37,2000,NULL,NULL);
INSERT INTO `items` VALUES (359,"tm55",37,3000,NULL,NULL);
INSERT INTO `items` VALUES (360,"tm56",37,2000,NULL,NULL);
INSERT INTO `items` VALUES (361,"tm57",37,3000,NULL,NULL);
INSERT INTO `items` VALUES (362,"tm58",37,2000,NULL,NULL);
INSERT INTO `items` VALUES (363,"tm59",37,3000,NULL,NULL);
INSERT INTO `items` VALUES (364,"tm60",37,3000,NULL,NULL);
INSERT INTO `items` VALUES (365,"tm61",37,2000,NULL,NULL);
INSERT INTO `items` VALUES (366,"tm62",37,3000,NULL,NULL);
INSERT INTO `items` VALUES (367,"tm63",37,2000,NULL,NULL);
INSERT INTO `items` VALUES (368,"tm64",37,7500,NULL,NULL);
INSERT INTO `items` VALUES (369,"tm65",37,3000,NULL,NULL);
INSERT INTO `items` VALUES (370,"tm66",37,3000,NULL,NULL);
INSERT INTO `items` VALUES (371,"tm67",37,1000,NULL,NULL);
INSERT INTO `items` VALUES (372,"tm68",37,7500,NULL,NULL);
INSERT INTO `items` VALUES (373,"tm69",37,1500,NULL,NULL);
INSERT INTO `items` VALUES (374,"tm70",37,1000,NULL,NULL);
INSERT INTO `items` VALUES (375,"tm71",37,3000,NULL,NULL);
INSERT INTO `items` VALUES (376,"tm72",37,3000,NULL,NULL);
INSERT INTO `items` VALUES (377,"tm73",37,2000,NULL,NULL);
INSERT INTO `items` VALUES (378,"tm74",37,3000,NULL,NULL);
INSERT INTO `items` VALUES (379,"tm75",37,1500,NULL,NULL);
INSERT INTO `items` VALUES (380,"tm76",37,2000,NULL,NULL);
INSERT INTO `items` VALUES (381,"tm77",37,1500,NULL,NULL);
INSERT INTO `items` VALUES (382,"tm78",37,1500,NULL,NULL);
INSERT INTO `items` VALUES (383,"tm79",37,3000,NULL,NULL);
INSERT INTO `items` VALUES (384,"tm80",37,3000,NULL,NULL);
INSERT INTO `items` VALUES (385,"tm81",37,3000,NULL,NULL);
INSERT INTO `items` VALUES (386,"tm82",37,1000,NULL,NULL);
INSERT INTO `items` VALUES (387,"tm83",37,2000,NULL,NULL);
INSERT INTO `items` VALUES (388,"tm84",37,3000,NULL,NULL);
INSERT INTO `items` VALUES (389,"tm85",37,3000,NULL,NULL);
INSERT INTO `items` VALUES (390,"tm86",37,3000,NULL,NULL);
INSERT INTO `items` VALUES (391,"tm87",37,1500,NULL,NULL);
INSERT INTO `items` VALUES (392,"tm88",37,3000,NULL,NULL);
INSERT INTO `items` VALUES (393,"tm89",37,3000,NULL,NULL);
INSERT INTO `items` VALUES (394,"tm90",37,2000,NULL,NULL);
INSERT INTO `items` VALUES (395,"tm91",37,3000,NULL,NULL);
INSERT INTO `items` VALUES (396,"tm92",37,5500,NULL,NULL);
INSERT INTO `items` VALUES (397,"hm01",37,0,NULL,NULL);
INSERT INTO `items` VALUES (398,"hm02",37,0,NULL,NULL);
INSERT INTO `items` VALUES (399,"hm03",37,0,NULL,NULL);
INSERT INTO `items` VALUES (400,"hm04",37,0,NULL,NULL);
INSERT INTO `items` VALUES (401,"hm05",37,0,NULL,NULL);
INSERT INTO `items` VALUES (402,"hm06",37,0,NULL,NULL);
INSERT INTO `items` VALUES (403,"hm07",37,0,NULL,NULL);
INSERT INTO `items` VALUES (404,"hm08",37,0,NULL,NULL);
INSERT INTO `items` VALUES (405,"explorer-kit",21,0,NULL,NULL);
INSERT INTO `items` VALUES (406,"loot-sack",23,0,NULL,NULL);
INSERT INTO `items` VALUES (407,"rule-book",23,0,NULL,NULL);
INSERT INTO `items` VALUES (408,"poke-radar",21,0,NULL,NULL);
INSERT INTO `items` VALUES (409,"point-card",21,0,NULL,NULL);
INSERT INTO `items` VALUES (410,"journal",21,0,NULL,NULL);
INSERT INTO `items` VALUES (411,"seal-case",21,0,NULL,NULL);
INSERT INTO `items` VALUES (412,"fashion-case",21,0,NULL,NULL);
INSERT INTO `items` VALUES (413,"seal-bag",23,0,NULL,NULL);
INSERT INTO `items` VALUES (414,"pal-pad",21,0,NULL,NULL);
INSERT INTO `items` VALUES (415,"works-key",22,0,NULL,NULL);
INSERT INTO `items` VALUES (416,"old-charm",22,0,NULL,NULL);
INSERT INTO `items` VALUES (417,"galactic-key",22,0,NULL,NULL);
INSERT INTO `items` VALUES (418,"red-chain",23,0,NULL,NULL);
INSERT INTO `items` VALUES (419,"town-map",21,0,NULL,NULL);
INSERT INTO `items` VALUES (420,"vs-seeker",21,0,NULL,NULL);
INSERT INTO `items` VALUES (421,"coin-case",21,0,NULL,NULL);
INSERT INTO `items` VALUES (422,"old-rod",21,0,NULL,NULL);
INSERT INTO `items` VALUES (423,"good-rod",21,0,NULL,NULL);
INSERT INTO `items` VALUES (424,"super-rod",21,0,NULL,NULL);
INSERT INTO `items` VALUES (425,"sprayduck",21,0,NULL,NULL);
INSERT INTO `items` VALUES (426,"poffin-case",21,0,NULL,NULL);
INSERT INTO `items` VALUES (427,"bicycle",21,0,NULL,NULL);
INSERT INTO `items` VALUES (428,"suite-key",20,0,NULL,NULL);
INSERT INTO `items` VALUES (429,"oaks-letter",20,0,NULL,NULL);
INSERT INTO `items` VALUES (430,"lunar-wing",20,0,NULL,NULL);
INSERT INTO `items` VALUES (431,"member-card",20,0,NULL,NULL);
INSERT INTO `items` VALUES (432,"azure-flute",20,0,NULL,NULL);
INSERT INTO `items` VALUES (433,"ss-ticket",22,0,NULL,NULL);
INSERT INTO `items` VALUES (434,"contest-pass",21,0,NULL,NULL);
INSERT INTO `items` VALUES (435,"magma-stone",22,0,NULL,NULL);
INSERT INTO `items` VALUES (436,"parcel",22,0,NULL,NULL);
INSERT INTO `items` VALUES (437,"coupon-1",22,0,NULL,NULL);
INSERT INTO `items` VALUES (438,"coupon-2",22,0,NULL,NULL);
INSERT INTO `items` VALUES (439,"coupon-3",22,0,NULL,NULL);
INSERT INTO `items` VALUES (440,"storage-key",22,0,NULL,NULL);
INSERT INTO `items` VALUES (441,"secretpotion",22,0,NULL,NULL);
INSERT INTO `items` VALUES (442,"griseous-orb",18,10000,NULL,NULL);
INSERT INTO `items` VALUES (443,"vs-recorder",21,0,NULL,NULL);
INSERT INTO `items` VALUES (444,"gracidea",20,0,NULL,NULL);
INSERT INTO `items` VALUES (445,"secret-key",20,0,NULL,NULL);
INSERT INTO `items` VALUES (446,"apricorn-box",21,0,NULL,NULL);
INSERT INTO `items` VALUES (447,"berry-pots",21,0,NULL,NULL);
INSERT INTO `items` VALUES (448,"squirtbottle",22,0,NULL,NULL);
INSERT INTO `items` VALUES (449,"lure-ball",39,300,NULL,NULL);
INSERT INTO `items` VALUES (450,"level-ball",39,300,NULL,NULL);
INSERT INTO `items` VALUES (451,"moon-ball",39,300,NULL,NULL);
INSERT INTO `items` VALUES (452,"heavy-ball",39,300,NULL,NULL);
INSERT INTO `items` VALUES (453,"fast-ball",39,300,NULL,NULL);
INSERT INTO `items` VALUES (454,"friend-ball",39,300,NULL,NULL);
INSERT INTO `items` VALUES (455,"love-ball",39,300,NULL,NULL);
INSERT INTO `items` VALUES (456,"park-ball",34,0,NULL,NULL);
INSERT INTO `items` VALUES (457,"sport-ball",34,0,NULL,NULL);
INSERT INTO `items` VALUES (458,"red-apricorn",40,0,NULL,NULL);
INSERT INTO `items` VALUES (459,"blu-apricorn",40,0,NULL,NULL);
INSERT INTO `items` VALUES (460,"ylw-apricorn",40,0,NULL,NULL);
INSERT INTO `items` VALUES (461,"grn-apricorn",40,0,NULL,NULL);
INSERT INTO `items` VALUES (462,"pnk-apricorn",40,0,NULL,NULL);
INSERT INTO `items` VALUES (463,"wht-apricorn",40,0,NULL,NULL);
INSERT INTO `items` VALUES (464,"blk-apricorn",40,0,NULL,NULL);
INSERT INTO `items` VALUES (465,"dowsing-machine",21,0,NULL,NULL);
INSERT INTO `items` VALUES (466,"ragecandybar",21,0,NULL,NULL);
INSERT INTO `items` VALUES (467,"red-orb",22,0,NULL,NULL);
INSERT INTO `items` VALUES (468,"blue-orb",22,0,NULL,NULL);
INSERT INTO `items` VALUES (469,"jade-orb",22,0,NULL,NULL);
INSERT INTO `items` VALUES (470,"enigma-stone",20,0,NULL,NULL);
INSERT INTO `items` VALUES (471,"unown-report",21,0,NULL,NULL);
INSERT INTO `items` VALUES (472,"blue-card",21,0,NULL,NULL);
INSERT INTO `items` VALUES (473,"slowpoketail",23,0,NULL,NULL);
INSERT INTO `items` VALUES (474,"clear-bell",22,0,NULL,NULL);
INSERT INTO `items` VALUES (475,"card-key",22,0,NULL,NULL);
INSERT INTO `items` VALUES (476,"basement-key",22,0,NULL,NULL);
INSERT INTO `items` VALUES (477,"red-scale",22,0,NULL,NULL);
INSERT INTO `items` VALUES (478,"lost-item",22,0,NULL,NULL);
INSERT INTO `items` VALUES (479,"pass",22,0,NULL,NULL);
INSERT INTO `items` VALUES (480,"machine-part",22,0,NULL,NULL);
INSERT INTO `items` VALUES (481,"silver-wing",22,0,NULL,NULL);
INSERT INTO `items` VALUES (482,"rainbow-wing",22,0,NULL,NULL);
INSERT INTO `items` VALUES (483,"mystery-egg",22,0,NULL,NULL);
INSERT INTO `items` VALUES (484,"gb-sounds",21,0,NULL,NULL);
INSERT INTO `items` VALUES (485,"tidal-bell",22,0,NULL,NULL);
INSERT INTO `items` VALUES (486,"data-card-01",41,0,NULL,NULL);
INSERT INTO `items` VALUES (487,"data-card-02",41,0,NULL,NULL);
INSERT INTO `items` VALUES (488,"data-card-03",41,0,NULL,NULL);
INSERT INTO `items` VALUES (489,"data-card-04",41,0,NULL,NULL);
INSERT INTO `items` VALUES (490,"data-card-05",41,0,NULL,NULL);
INSERT INTO `items` VALUES (491,"data-card-06",41,0,NULL,NULL);
INSERT INTO `items` VALUES (492,"data-card-07",41,0,NULL,NULL);
INSERT INTO `items` VALUES (493,"data-card-08",41,0,NULL,NULL);
INSERT INTO `items` VALUES (494,"data-card-09",41,0,NULL,NULL);
INSERT INTO `items` VALUES (495,"data-card-10",41,0,NULL,NULL);
INSERT INTO `items` VALUES (496,"data-card-11",41,0,NULL,NULL);
INSERT INTO `items` VALUES (497,"data-card-12",41,0,NULL,NULL);
INSERT INTO `items` VALUES (498,"data-card-13",41,0,NULL,NULL);
INSERT INTO `items` VALUES (499,"data-card-14",41,0,NULL,NULL);
INSERT INTO `items` VALUES (500,"data-card-15",41,0,NULL,NULL);
INSERT INTO `items` VALUES (501,"data-card-16",41,0,NULL,NULL);
INSERT INTO `items` VALUES (502,"data-card-17",41,0,NULL,NULL);
INSERT INTO `items` VALUES (503,"data-card-18",41,0,NULL,NULL);
INSERT INTO `items` VALUES (504,"data-card-19",41,0,NULL,NULL);
INSERT INTO `items` VALUES (505,"data-card-20",41,0,NULL,NULL);
INSERT INTO `items` VALUES (506,"data-card-21",41,0,NULL,NULL);
INSERT INTO `items` VALUES (507,"data-card-22",41,0,NULL,NULL);
INSERT INTO `items` VALUES (508,"data-card-23",41,0,NULL,NULL);
INSERT INTO `items` VALUES (509,"data-card-24",41,0,NULL,NULL);
INSERT INTO `items` VALUES (510,"data-card-25",41,0,NULL,NULL);
INSERT INTO `items` VALUES (511,"data-card-26",41,0,NULL,NULL);
INSERT INTO `items` VALUES (512,"data-card-27",41,0,NULL,NULL);
INSERT INTO `items` VALUES (513,"lock-capsule",23,0,NULL,NULL);
INSERT INTO `items` VALUES (514,"photo-album",23,0,NULL,NULL);
INSERT INTO `items` VALUES (515,"orange-mail",25,50,NULL,NULL);
INSERT INTO `items` VALUES (516,"harbor-mail",25,50,NULL,NULL);
INSERT INTO `items` VALUES (517,"glitter-mail",25,50,NULL,NULL);
INSERT INTO `items` VALUES (518,"mech-mail",25,50,NULL,NULL);
INSERT INTO `items` VALUES (519,"wood-mail",25,50,NULL,NULL);
INSERT INTO `items` VALUES (520,"wave-mail",25,50,NULL,NULL);
INSERT INTO `items` VALUES (521,"bead-mail",25,50,NULL,NULL);
INSERT INTO `items` VALUES (522,"shadow-mail",25,50,NULL,NULL);
INSERT INTO `items` VALUES (523,"tropic-mail",25,50,NULL,NULL);
INSERT INTO `items` VALUES (524,"dream-mail",25,50,NULL,NULL);
INSERT INTO `items` VALUES (525,"fab-mail",25,50,NULL,NULL);
INSERT INTO `items` VALUES (526,"retro-mail",25,0,NULL,NULL);
INSERT INTO `items` VALUES (527,"mach-bike",21,0,NULL,NULL);
INSERT INTO `items` VALUES (528,"acro-bike",21,0,NULL,NULL);
INSERT INTO `items` VALUES (529,"wailmer-pail",21,0,NULL,NULL);
INSERT INTO `items` VALUES (530,"devon-goods",22,0,NULL,NULL);
INSERT INTO `items` VALUES (531,"soot-sack",21,0,NULL,NULL);
INSERT INTO `items` VALUES (532,"pokeblock-case",21,0,NULL,NULL);
INSERT INTO `items` VALUES (533,"letter",22,0,NULL,NULL);
INSERT INTO `items` VALUES (534,"eon-ticket",20,0,NULL,NULL);
INSERT INTO `items` VALUES (535,"scanner",22,0,NULL,NULL);
INSERT INTO `items` VALUES (536,"go-goggles",21,0,NULL,NULL);
INSERT INTO `items` VALUES (537,"meteorite",22,0,NULL,NULL);
INSERT INTO `items` VALUES (538,"rm-1-key",22,0,NULL,NULL);
INSERT INTO `items` VALUES (539,"rm-2-key",22,0,NULL,NULL);
INSERT INTO `items` VALUES (540,"rm-4-key",22,0,NULL,NULL);
INSERT INTO `items` VALUES (541,"rm-6-key",22,0,NULL,NULL);
INSERT INTO `items` VALUES (542,"devon-scope",21,0,NULL,NULL);
INSERT INTO `items` VALUES (543,"oaks-parcel",22,0,NULL,NULL);
INSERT INTO `items` VALUES (544,"poke-flute",22,0,NULL,NULL);
INSERT INTO `items` VALUES (545,"bike-voucher",22,0,NULL,NULL);
INSERT INTO `items` VALUES (546,"gold-teeth",22,0,NULL,NULL);
INSERT INTO `items` VALUES (547,"lift-key",22,0,NULL,NULL);
INSERT INTO `items` VALUES (548,"silph-scope",22,0,NULL,NULL);
INSERT INTO `items` VALUES (549,"fame-checker",21,0,NULL,NULL);
INSERT INTO `items` VALUES (550,"tm-case",21,0,NULL,NULL);
INSERT INTO `items` VALUES (551,"berry-pouch",21,0,NULL,NULL);
INSERT INTO `items` VALUES (552,"teachy-tv",21,0,NULL,NULL);
INSERT INTO `items` VALUES (553,"tri-pass",22,0,NULL,NULL);
INSERT INTO `items` VALUES (554,"rainbow-pass",22,0,NULL,NULL);
INSERT INTO `items` VALUES (555,"tea",22,0,NULL,NULL);
INSERT INTO `items` VALUES (556,"mysticticket",20,0,NULL,NULL);
INSERT INTO `items` VALUES (557,"auroraticket",20,0,NULL,NULL);
INSERT INTO `items` VALUES (558,"powder-jar",21,0,NULL,NULL);
INSERT INTO `items` VALUES (559,"ruby",22,0,NULL,NULL);
INSERT INTO `items` VALUES (560,"sapphire",22,0,NULL,NULL);
INSERT INTO `items` VALUES (561,"magma-emblem",22,0,NULL,NULL);
INSERT INTO `items` VALUES (562,"old-sea-map",20,0,NULL,NULL);
INSERT INTO `items` VALUES (563,"douse-drive",18,1000,70,NULL);
INSERT INTO `items` VALUES (564,"shock-drive",18,1000,70,NULL);
INSERT INTO `items` VALUES (565,"burn-drive",18,1000,70,NULL);
INSERT INTO `items` VALUES (566,"chill-drive",18,1000,70,NULL);
INSERT INTO `items` VALUES (567,"sweet-heart",27,100,30,NULL);
INSERT INTO `items` VALUES (568,"greet-mail",25,50,NULL,NULL);
INSERT INTO `items` VALUES (569,"favored-mail",25,50,NULL,NULL);
INSERT INTO `items` VALUES (570,"rsvp-mail",25,50,NULL,NULL);
INSERT INTO `items` VALUES (571,"thanks-mail",25,50,NULL,NULL);
INSERT INTO `items` VALUES (572,"inquiry-mail",25,50,NULL,NULL);
INSERT INTO `items` VALUES (573,"like-mail",25,50,NULL,NULL);
INSERT INTO `items` VALUES (574,"reply-mail",25,50,NULL,NULL);
INSERT INTO `items` VALUES (575,"bridgemail-s",25,50,NULL,NULL);
INSERT INTO `items` VALUES (576,"bridgemail-d",25,50,NULL,NULL);
INSERT INTO `items` VALUES (577,"bridgemail-t",25,50,NULL,NULL);
INSERT INTO `items` VALUES (578,"bridgemail-v",25,50,NULL,NULL);
INSERT INTO `items` VALUES (579,"bridgemail-m",25,50,NULL,NULL);
INSERT INTO `items` VALUES (580,"prism-scale",10,500,30,NULL);
INSERT INTO `items` VALUES (581,"eviolite",12,200,40,NULL);
INSERT INTO `items` VALUES (582,"float-stone",12,200,30,NULL);
INSERT INTO `items` VALUES (583,"rocky-helmet",12,200,60,NULL);
INSERT INTO `items` VALUES (584,"air-balloon",12,200,10,NULL);
INSERT INTO `items` VALUES (585,"red-card",12,200,10,NULL);
INSERT INTO `items` VALUES (586,"ring-target",12,200,10,NULL);
INSERT INTO `items` VALUES (587,"binding-band",12,200,30,NULL);
INSERT INTO `items` VALUES (588,"absorb-bulb",12,200,30,NULL);
INSERT INTO `items` VALUES (589,"cell-battery",12,200,30,NULL);
INSERT INTO `items` VALUES (590,"eject-button",12,200,30,NULL);
INSERT INTO `items` VALUES (591,"fire-gem",42,200,NULL,NULL);
INSERT INTO `items` VALUES (592,"water-gem",42,200,NULL,NULL);
INSERT INTO `items` VALUES (593,"electric-gem",42,200,NULL,NULL);
INSERT INTO `items` VALUES (594,"grass-gem",42,200,NULL,NULL);
INSERT INTO `items` VALUES (595,"ice-gem",42,200,NULL,NULL);
INSERT INTO `items` VALUES (596,"fighting-gem",42,200,NULL,NULL);
INSERT INTO `items` VALUES (597,"poison-gem",42,200,NULL,NULL);
INSERT INTO `items` VALUES (598,"ground-gem",42,200,NULL,NULL);
INSERT INTO `items` VALUES (599,"flying-gem",42,200,NULL,NULL);
INSERT INTO `items` VALUES (600,"psychic-gem",42,200,NULL,NULL);
INSERT INTO `items` VALUES (601,"bug-gem",42,200,NULL,NULL);
INSERT INTO `items` VALUES (602,"rock-gem",42,200,NULL,NULL);
INSERT INTO `items` VALUES (603,"ghost-gem",42,200,NULL,NULL);
INSERT INTO `items` VALUES (604,"dark-gem",42,200,NULL,NULL);
INSERT INTO `items` VALUES (605,"steel-gem",42,200,NULL,NULL);
INSERT INTO `items` VALUES (606,"health-wing",26,3000,20,NULL);
INSERT INTO `items` VALUES (607,"muscle-wing",26,3000,20,NULL);
INSERT INTO `items` VALUES (608,"resist-wing",26,3000,20,NULL);
INSERT INTO `items` VALUES (609,"genius-wing",26,3000,20,NULL);
INSERT INTO `items` VALUES (610,"clever-wing",26,3000,20,NULL);
INSERT INTO `items` VALUES (611,"swift-wing",26,3000,20,NULL);
INSERT INTO `items` VALUES (612,"pretty-wing",24,200,20,NULL);
INSERT INTO `items` VALUES (613,"cover-fossil",35,1000,100,NULL);
INSERT INTO `items` VALUES (614,"plume-fossil",35,1000,100,NULL);
INSERT INTO `items` VALUES (615,"liberty-pass",20,0,NULL,NULL);
INSERT INTO `items` VALUES (616,"pass-orb",12,200,30,NULL);
INSERT INTO `items` VALUES (617,"dream-ball",33,0,NULL,NULL);
INSERT INTO `items` VALUES (618,"poke-toy",11,1000,30,NULL);
INSERT INTO `items` VALUES (619,"prop-case",21,0,NULL,NULL);
INSERT INTO `items` VALUES (620,"dragon-skull",22,0,NULL,NULL);
INSERT INTO `items` VALUES (621,"balmmushroom",24,0,30,NULL);
INSERT INTO `items` VALUES (622,"big-nugget",24,0,30,NULL);
INSERT INTO `items` VALUES (623,"pearl-string",24,0,30,NULL);
INSERT INTO `items` VALUES (624,"comet-shard",24,0,30,NULL);
INSERT INTO `items` VALUES (625,"relic-copper",24,0,30,NULL);
INSERT INTO `items` VALUES (626,"relic-silver",24,0,30,NULL);
INSERT INTO `items` VALUES (627,"relic-gold",24,0,30,NULL);
INSERT INTO `items` VALUES (628,"relic-vase",24,0,30,NULL);
INSERT INTO `items` VALUES (629,"relic-band",24,0,30,NULL);
INSERT INTO `items` VALUES (630,"relic-statue",24,0,30,NULL);
INSERT INTO `items` VALUES (631,"relic-crown",24,0,30,NULL);
INSERT INTO `items` VALUES (632,"casteliacone",30,100,30,NULL);
INSERT INTO `items` VALUES (633,"dire-hit-2",43,0,NULL,NULL);
INSERT INTO `items` VALUES (634,"x-speed-2",43,0,NULL,NULL);
INSERT INTO `items` VALUES (635,"x-special-2",43,0,NULL,NULL);
INSERT INTO `items` VALUES (636,"x-sp-def-2",43,0,NULL,NULL);
INSERT INTO `items` VALUES (637,"x-defend-2",43,0,NULL,NULL);
INSERT INTO `items` VALUES (638,"x-attack-2",43,0,NULL,NULL);
INSERT INTO `items` VALUES (639,"x-accuracy-2",43,0,NULL,NULL);
INSERT INTO `items` VALUES (640,"x-speed-3",43,0,NULL,NULL);
INSERT INTO `items` VALUES (641,"x-special-3",43,0,NULL,NULL);
INSERT INTO `items` VALUES (642,"x-sp-def-3",43,0,NULL,NULL);
INSERT INTO `items` VALUES (643,"x-defend-3",43,0,NULL,NULL);
INSERT INTO `items` VALUES (644,"x-attack-3",43,0,NULL,NULL);
INSERT INTO `items` VALUES (645,"x-accuracy-3",43,0,NULL,NULL);
INSERT INTO `items` VALUES (646,"x-speed-6",43,0,NULL,NULL);
INSERT INTO `items` VALUES (647,"x-special-6",43,0,NULL,NULL);
INSERT INTO `items` VALUES (648,"x-sp-def-6",43,0,NULL,NULL);
INSERT INTO `items` VALUES (649,"x-defend-6",43,0,NULL,NULL);
INSERT INTO `items` VALUES (650,"x-attack-6",43,0,NULL,NULL);
INSERT INTO `items` VALUES (651,"x-accuracy-6",43,0,NULL,NULL);
INSERT INTO `items` VALUES (652,"ability-urge",43,0,NULL,NULL);
INSERT INTO `items` VALUES (653,"item-drop",43,0,NULL,NULL);
INSERT INTO `items` VALUES (654,"item-urge",43,0,NULL,NULL);
INSERT INTO `items` VALUES (655,"reset-urge",43,0,NULL,NULL);
INSERT INTO `items` VALUES (656,"dire-hit-3",43,0,NULL,NULL);
INSERT INTO `items` VALUES (657,"light-stone",22,0,NULL,NULL);
INSERT INTO `items` VALUES (658,"dark-stone",22,0,NULL,NULL);
INSERT INTO `items` VALUES (659,"tm93",37,10000,NULL,NULL);
INSERT INTO `items` VALUES (660,"tm94",37,10000,NULL,NULL);
INSERT INTO `items` VALUES (661,"tm95",37,10000,NULL,NULL);
INSERT INTO `items` VALUES (662,"xtransceiver",21,0,NULL,NULL);
INSERT INTO `items` VALUES (663,"god-stone",23,0,NULL,NULL);
INSERT INTO `items` VALUES (664,"gram-1",22,0,NULL,NULL);
INSERT INTO `items` VALUES (665,"gram-2",22,0,NULL,NULL);
INSERT INTO `items` VALUES (666,"gram-3",22,0,NULL,NULL);
INSERT INTO `items` VALUES (668,"dragon-gem",42,200,NULL,NULL);
INSERT INTO `items` VALUES (669,"normal-gem",42,200,NULL,NULL);
INSERT INTO `items` VALUES (670,"medal-box",21,0,NULL,NULL);
INSERT INTO `items` VALUES (671,"dna-splicers",21,0,NULL,NULL);
INSERT INTO `items` VALUES (673,"permit",21,0,NULL,NULL);
INSERT INTO `items` VALUES (674,"oval-charm",21,0,NULL,NULL);
INSERT INTO `items` VALUES (675,"shiny-charm",21,0,NULL,NULL);
INSERT INTO `items` VALUES (676,"plasma-card",22,0,NULL,NULL);
INSERT INTO `items` VALUES (677,"grubby-hanky",22,0,NULL,NULL);
INSERT INTO `items` VALUES (678,"colress-mchn",22,0,NULL,NULL);
INSERT INTO `items` VALUES (679,"dropped-item",22,0,NULL,NULL);
INSERT INTO `items` VALUES (681,"reveal-glass",21,0,NULL,NULL);
INSERT INTO `items` VALUES (682,"weakness-policy",12,0,NULL,NULL);
INSERT INTO `items` VALUES (683,"assault-vest",12,0,NULL,NULL);
INSERT INTO `items` VALUES (684,"pixie-plate",17,0,NULL,NULL);
INSERT INTO `items` VALUES (685,"ability-capsule",26,0,NULL,NULL);
INSERT INTO `items` VALUES (686,"whipped-dream",10,0,NULL,NULL);
INSERT INTO `items` VALUES (687,"sachet",10,0,NULL,NULL);
INSERT INTO `items` VALUES (688,"luminous-moss",12,0,NULL,NULL);
INSERT INTO `items` VALUES (689,"snowball",12,0,NULL,NULL);
INSERT INTO `items` VALUES (690,"safety-goggles",12,0,NULL,NULL);
INSERT INTO `items` VALUES (691,"rich-mulch",32,0,NULL,NULL);
INSERT INTO `items` VALUES (692,"surprise-mulch",32,0,NULL,NULL);
INSERT INTO `items` VALUES (693,"boost-mulch",32,0,NULL,NULL);
INSERT INTO `items` VALUES (694,"amaze-mulch",32,0,NULL,NULL);
INSERT INTO `items` VALUES (695,"gengarite",44,0,NULL,NULL);
INSERT INTO `items` VALUES (696,"gardevoirite",44,0,NULL,NULL);
INSERT INTO `items` VALUES (697,"ampharosite",44,0,NULL,NULL);
INSERT INTO `items` VALUES (698,"venusaurite",44,0,NULL,NULL);
INSERT INTO `items` VALUES (699,"charizardite-x",44,0,NULL,NULL);
INSERT INTO `items` VALUES (700,"blastoisinite",44,0,NULL,NULL);
INSERT INTO `items` VALUES (701,"mewtwonite-x",44,0,NULL,NULL);
INSERT INTO `items` VALUES (702,"mewtwonite-y",44,0,NULL,NULL);
INSERT INTO `items` VALUES (703,"blazikenite",44,0,NULL,NULL);
INSERT INTO `items` VALUES (704,"medichamite",44,0,NULL,NULL);
INSERT INTO `items` VALUES (705,"houndoominite",44,0,NULL,NULL);
INSERT INTO `items` VALUES (706,"aggronite",44,0,NULL,NULL);
INSERT INTO `items` VALUES (707,"banettite",44,0,NULL,NULL);
INSERT INTO `items` VALUES (708,"tyranitarite",44,0,NULL,NULL);
INSERT INTO `items` VALUES (709,"scizorite",44,0,NULL,NULL);
INSERT INTO `items` VALUES (710,"pinsirite",44,0,NULL,NULL);
INSERT INTO `items` VALUES (711,"aerodactylite",44,0,NULL,NULL);
INSERT INTO `items` VALUES (712,"lucarionite",44,0,NULL,NULL);
INSERT INTO `items` VALUES (713,"abomasite",44,0,NULL,NULL);
INSERT INTO `items` VALUES (714,"kangaskhanite",44,0,NULL,NULL);
INSERT INTO `items` VALUES (715,"gyaradosite",44,0,NULL,NULL);
INSERT INTO `items` VALUES (716,"absolite",44,0,NULL,NULL);
INSERT INTO `items` VALUES (717,"charizardite-y",44,0,NULL,NULL);
INSERT INTO `items` VALUES (718,"alakazite",44,0,NULL,NULL);
INSERT INTO `items` VALUES (719,"heracronite",44,0,NULL,NULL);
INSERT INTO `items` VALUES (720,"mawilite",44,0,NULL,NULL);
INSERT INTO `items` VALUES (721,"manectite",44,0,NULL,NULL);
INSERT INTO `items` VALUES (722,"garchompite",44,0,NULL,NULL);
INSERT INTO `items` VALUES (723,"roseli-berry",7,0,NULL,NULL);
INSERT INTO `items` VALUES (724,"kee-berry",4,0,NULL,NULL);
INSERT INTO `items` VALUES (725,"maranga-berry",4,0,NULL,NULL);
INSERT INTO `items` VALUES (726,"bargain-ticket",10001,0,NULL,NULL);
INSERT INTO `items` VALUES (727,"strange-souvenir",10001,0,NULL,NULL);
INSERT INTO `items` VALUES (728,"lumiose-galette",30,0,NULL,NULL);
INSERT INTO `items` VALUES (729,"jaw-fossil",35,0,NULL,NULL);
INSERT INTO `items` VALUES (730,"sail-fossil",35,0,NULL,NULL);
INSERT INTO `items` VALUES (731,"fairy-gem",42,0,NULL,NULL);
INSERT INTO `items` VALUES (732,"adventure-rules",21,0,NULL,NULL);
INSERT INTO `items` VALUES (733,"elevator-key",22,0,NULL,NULL);
INSERT INTO `items` VALUES (734,"holo-caster",21,0,NULL,NULL);
INSERT INTO `items` VALUES (735,"honor-of-kalos",22,0,NULL,NULL);
INSERT INTO `items` VALUES (736,"intriguing-stone",22,0,NULL,NULL);
INSERT INTO `items` VALUES (737,"lens-case",21,0,NULL,NULL);
INSERT INTO `items` VALUES (738,"looker-ticket",22,0,NULL,NULL);
INSERT INTO `items` VALUES (739,"mega-ring",21,0,NULL,NULL);
INSERT INTO `items` VALUES (740,"power-plant-pass",22,0,NULL,NULL);
INSERT INTO `items` VALUES (741,"profs-letter",22,0,NULL,NULL);
INSERT INTO `items` VALUES (742,"roller-skates",21,0,NULL,NULL);
INSERT INTO `items` VALUES (743,"sprinklotad",21,0,NULL,NULL);
INSERT INTO `items` VALUES (744,"tmv-pass",21,0,NULL,NULL);
INSERT INTO `items` VALUES (745,"tm96",37,0,NULL,NULL);
INSERT INTO `items` VALUES (746,"tm97",37,0,NULL,NULL);
INSERT INTO `items` VALUES (747,"tm98",37,0,NULL,NULL);
INSERT INTO `items` VALUES (748,"tm99",37,0,NULL,NULL);
INSERT INTO `items` VALUES (749,"tm100",37,0,NULL,NULL);

/* Table structure for pokemon */
CREATE TABLE `pokemon` (
  `id` int(11) NOT NULL,
  `identifier` varchar(30) NOT NULL,
  `species_id` int(11) DEFAULT NULL,
  `height` int(11) NOT NULL,
  `weight` int(11) NOT NULL,
  `base_experience` int(11) NOT NULL,
  `order_` int(11) NOT NULL,
  `is_default` tinyint(1) NOT NULL,
  PRIMARY KEY (`id`),
  KEY `species_id` (`species_id`),
  CONSTRAINT `pokemon_ibfk_1` FOREIGN KEY (`species_id`) REFERENCES `pokemon_species` (`id`)
) ENGINE=InnoDB DEFAULT CHARSET=utf8;

/* data for Table pokemon */
INSERT INTO `pokemon` VALUES (1,"bulbasaur",1,7,69,64,1,1);
INSERT INTO `pokemon` VALUES (2,"ivysaur",2,10,130,142,2,1);
INSERT INTO `pokemon` VALUES (3,"venusaur",3,20,1000,236,3,1);
INSERT INTO `pokemon` VALUES (4,"charmander",4,6,85,62,5,1);
INSERT INTO `pokemon` VALUES (5,"charmeleon",5,11,190,142,6,1);
INSERT INTO `pokemon` VALUES (6,"charizard",6,17,905,240,7,1);
INSERT INTO `pokemon` VALUES (7,"squirtle",7,5,90,63,10,1);
INSERT INTO `pokemon` VALUES (8,"wartortle",8,10,225,142,11,1);
INSERT INTO `pokemon` VALUES (9,"blastoise",9,16,855,239,12,1);
INSERT INTO `pokemon` VALUES (10,"caterpie",10,3,29,39,14,1);
INSERT INTO `pokemon` VALUES (11,"metapod",11,7,99,72,15,1);
INSERT INTO `pokemon` VALUES (12,"butterfree",12,11,320,173,16,1);
INSERT INTO `pokemon` VALUES (13,"weedle",13,3,32,39,17,1);
INSERT INTO `pokemon` VALUES (14,"kakuna",14,6,100,72,18,1);
INSERT INTO `pokemon` VALUES (15,"beedrill",15,10,295,173,19,1);
INSERT INTO `pokemon` VALUES (16,"pidgey",16,3,18,50,20,1);
INSERT INTO `pokemon` VALUES (17,"pidgeotto",17,11,300,122,21,1);
INSERT INTO `pokemon` VALUES (18,"pidgeot",18,15,395,211,22,1);
INSERT INTO `pokemon` VALUES (19,"rattata",19,3,35,51,23,1);
INSERT INTO `pokemon` VALUES (20,"raticate",20,7,185,145,24,1);
INSERT INTO `pokemon` VALUES (21,"spearow",21,3,20,52,25,1);
INSERT INTO `pokemon` VALUES (22,"fearow",22,12,380,155,26,1);
INSERT INTO `pokemon` VALUES (23,"ekans",23,20,69,58,27,1);
INSERT INTO `pokemon` VALUES (24,"arbok",24,35,650,153,28,1);
INSERT INTO `pokemon` VALUES (25,"pikachu",25,4,60,105,30,1);
INSERT INTO `pokemon` VALUES (26,"raichu",26,8,300,214,31,1);
INSERT INTO `pokemon` VALUES (27,"sandshrew",27,6,120,60,32,1);
INSERT INTO `pokemon` VALUES (28,"sandslash",28,10,295,158,33,1);
INSERT INTO `pokemon` VALUES (29,"nidoran-f",29,4,70,55,34,1);
INSERT INTO `pokemon` VALUES (30,"nidorina",30,8,200,128,35,1);
INSERT INTO `pokemon` VALUES (31,"nidoqueen",31,13,600,223,36,1);
INSERT INTO `pokemon` VALUES (32,"nidoran-m",32,5,90,55,37,1);
INSERT INTO `pokemon` VALUES (33,"nidorino",33,9,195,128,38,1);
INSERT INTO `pokemon` VALUES (34,"nidoking",34,14,620,223,39,1);
INSERT INTO `pokemon` VALUES (35,"clefairy",35,6,75,113,41,1);
INSERT INTO `pokemon` VALUES (36,"clefable",36,13,400,213,42,1);
INSERT INTO `pokemon` VALUES (37,"vulpix",37,6,99,60,43,1);
INSERT INTO `pokemon` VALUES (38,"ninetales",38,11,199,177,44,1);
INSERT INTO `pokemon` VALUES (39,"jigglypuff",39,5,55,95,46,1);
INSERT INTO `pokemon` VALUES (40,"wigglytuff",40,10,120,191,47,1);
INSERT INTO `pokemon` VALUES (41,"zubat",41,8,75,49,48,1);
INSERT INTO `pokemon` VALUES (42,"golbat",42,16,550,159,49,1);
INSERT INTO `pokemon` VALUES (43,"oddish",43,5,54,64,51,1);
INSERT INTO `pokemon` VALUES (44,"gloom",44,8,86,138,52,1);
INSERT INTO `pokemon` VALUES (45,"vileplume",45,12,186,216,53,1);
INSERT INTO `pokemon` VALUES (46,"paras",46,3,54,57,55,1);
INSERT INTO `pokemon` VALUES (47,"parasect",47,10,295,142,56,1);
INSERT INTO `pokemon` VALUES (48,"venonat",48,10,300,61,57,1);
INSERT INTO `pokemon` VALUES (49,"venomoth",49,15,125,158,58,1);
INSERT INTO `pokemon` VALUES (50,"diglett",50,2,8,53,59,1);
INSERT INTO `pokemon` VALUES (51,"dugtrio",51,7,333,142,60,1);
INSERT INTO `pokemon` VALUES (52,"meowth",52,4,42,58,61,1);
INSERT INTO `pokemon` VALUES (53,"persian",53,10,320,154,62,1);
INSERT INTO `pokemon` VALUES (54,"psyduck",54,8,196,64,63,1);
INSERT INTO `pokemon` VALUES (55,"golduck",55,17,766,175,64,1);
INSERT INTO `pokemon` VALUES (56,"mankey",56,5,280,61,65,1);
INSERT INTO `pokemon` VALUES (57,"primeape",57,10,320,159,66,1);
INSERT INTO `pokemon` VALUES (58,"growlithe",58,7,190,70,67,1);
INSERT INTO `pokemon` VALUES (59,"arcanine",59,19,1550,194,68,1);
INSERT INTO `pokemon` VALUES (60,"poliwag",60,6,124,60,69,1);
INSERT INTO `pokemon` VALUES (61,"poliwhirl",61,10,200,135,70,1);
INSERT INTO `pokemon` VALUES (62,"poliwrath",62,13,540,225,71,1);
INSERT INTO `pokemon` VALUES (63,"abra",63,9,195,62,73,1);
INSERT INTO `pokemon` VALUES (64,"kadabra",64,13,565,140,74,1);
INSERT INTO `pokemon` VALUES (65,"alakazam",65,15,480,221,75,1);
INSERT INTO `pokemon` VALUES (66,"machop",66,8,195,61,77,1);
INSERT INTO `pokemon` VALUES (67,"machoke",67,15,705,142,78,1);
INSERT INTO `pokemon` VALUES (68,"machamp",68,16,1300,227,79,1);
INSERT INTO `pokemon` VALUES (69,"bellsprout",69,7,40,60,80,1);
INSERT INTO `pokemon` VALUES (70,"weepinbell",70,10,64,137,81,1);
INSERT INTO `pokemon` VALUES (71,"victreebel",71,17,155,216,82,1);
INSERT INTO `pokemon` VALUES (72,"tentacool",72,9,455,67,83,1);
INSERT INTO `pokemon` VALUES (73,"tentacruel",73,16,550,180,84,1);
INSERT INTO `pokemon` VALUES (74,"geodude",74,4,200,60,85,1);
INSERT INTO `pokemon` VALUES (75,"graveler",75,10,1050,137,86,1);
INSERT INTO `pokemon` VALUES (76,"golem",76,14,3000,218,87,1);
INSERT INTO `pokemon` VALUES (77,"ponyta",77,10,300,82,88,1);
INSERT INTO `pokemon` VALUES (78,"rapidash",78,17,950,175,89,1);
INSERT INTO `pokemon` VALUES (79,"slowpoke",79,12,360,63,90,1);
INSERT INTO `pokemon` VALUES (80,"slowbro",80,16,785,172,91,1);
INSERT INTO `pokemon` VALUES (81,"magnemite",81,3,60,65,93,1);
INSERT INTO `pokemon` VALUES (82,"magneton",82,10,600,163,94,1);
INSERT INTO `pokemon` VALUES (83,"farfetchd",83,8,150,123,96,1);
INSERT INTO `pokemon` VALUES (84,"doduo",84,14,392,62,97,1);
INSERT INTO `pokemon` VALUES (85,"dodrio",85,18,852,161,98,1);
INSERT INTO `pokemon` VALUES (86,"seel",86,11,900,65,99,1);
INSERT INTO `pokemon` VALUES (87,"dewgong",87,17,1200,166,100,1);
INSERT INTO `pokemon` VALUES (88,"grimer",88,9,300,65,101,1);
INSERT INTO `pokemon` VALUES (89,"muk",89,12,300,175,102,1);
INSERT INTO `pokemon` VALUES (90,"shellder",90,3,40,61,103,1);
INSERT INTO `pokemon` VALUES (91,"cloyster",91,15,1325,184,104,1);
INSERT INTO `pokemon` VALUES (92,"gastly",92,13,1,62,105,1);
INSERT INTO `pokemon` VALUES (93,"haunter",93,16,1,142,106,1);
INSERT INTO `pokemon` VALUES (94,"gengar",94,15,405,225,107,1);
INSERT INTO `pokemon` VALUES (95,"onix",95,88,2100,77,109,1);
INSERT INTO `pokemon` VALUES (96,"drowzee",96,10,324,66,111,1);
INSERT INTO `pokemon` VALUES (97,"hypno",97,16,756,169,112,1);
INSERT INTO `pokemon` VALUES (98,"krabby",98,4,65,65,113,1);
INSERT INTO `pokemon` VALUES (99,"kingler",99,13,600,166,114,1);
INSERT INTO `pokemon` VALUES (100,"voltorb",100,5,104,66,115,1);
INSERT INTO `pokemon` VALUES (101,"electrode",101,12,666,168,116,1);
INSERT INTO `pokemon` VALUES (102,"exeggcute",102,4,25,65,117,1);
INSERT INTO `pokemon` VALUES (103,"exeggutor",103,20,1200,182,118,1);
INSERT INTO `pokemon` VALUES (104,"cubone",104,4,65,64,119,1);
INSERT INTO `pokemon` VALUES (105,"marowak",105,10,450,149,120,1);
INSERT INTO `pokemon` VALUES (106,"hitmonlee",106,15,498,159,122,1);
INSERT INTO `pokemon` VALUES (107,"hitmonchan",107,14,502,159,123,1);
INSERT INTO `pokemon` VALUES (108,"lickitung",108,12,655,77,125,1);
INSERT INTO `pokemon` VALUES (109,"koffing",109,6,10,68,127,1);
INSERT INTO `pokemon` VALUES (110,"weezing",110,12,95,172,128,1);
INSERT INTO `pokemon` VALUES (111,"rhyhorn",111,10,1150,69,129,1);
INSERT INTO `pokemon` VALUES (112,"rhydon",112,19,1200,170,130,1);
INSERT INTO `pokemon` VALUES (113,"chansey",113,11,346,395,133,1);
INSERT INTO `pokemon` VALUES (114,"tangela",114,10,350,87,135,1);
INSERT INTO `pokemon` VALUES (115,"kangaskhan",115,22,800,172,137,1);
INSERT INTO `pokemon` VALUES (116,"horsea",116,4,80,59,139,1);
INSERT INTO `pokemon` VALUES (117,"seadra",117,12,250,154,140,1);
INSERT INTO `pokemon` VALUES (118,"goldeen",118,6,150,64,142,1);
INSERT INTO `pokemon` VALUES (119,"seaking",119,13,390,158,143,1);
INSERT INTO `pokemon` VALUES (120,"staryu",120,8,345,68,144,1);
INSERT INTO `pokemon` VALUES (121,"starmie",121,11,800,182,145,1);
INSERT INTO `pokemon` VALUES (122,"mr-mime",122,13,545,161,147,1);
INSERT INTO `pokemon` VALUES (123,"scyther",123,15,560,100,148,1);
INSERT INTO `pokemon` VALUES (124,"jynx",124,14,406,159,152,1);
INSERT INTO `pokemon` VALUES (125,"electabuzz",125,11,300,172,154,1);
INSERT INTO `pokemon` VALUES (126,"magmar",126,13,445,173,157,1);
INSERT INTO `pokemon` VALUES (127,"pinsir",127,15,550,175,159,1);
INSERT INTO `pokemon` VALUES (128,"tauros",128,14,884,172,161,1);
INSERT INTO `pokemon` VALUES (129,"magikarp",129,9,100,40,162,1);
INSERT INTO `pokemon` VALUES (130,"gyarados",130,65,2350,189,163,1);
INSERT INTO `pokemon` VALUES (131,"lapras",131,25,2200,187,165,1);
INSERT INTO `pokemon` VALUES (132,"ditto",132,3,40,101,166,1);
INSERT INTO `pokemon` VALUES (133,"eevee",133,3,65,65,167,1);
INSERT INTO `pokemon` VALUES (134,"vaporeon",134,10,290,184,168,1);
INSERT INTO `pokemon` VALUES (135,"jolteon",135,8,245,184,169,1);
INSERT INTO `pokemon` VALUES (136,"flareon",136,9,250,184,170,1);
INSERT INTO `pokemon` VALUES (137,"porygon",137,8,365,79,176,1);
INSERT INTO `pokemon` VALUES (138,"omanyte",138,4,75,71,179,1);
INSERT INTO `pokemon` VALUES (139,"omastar",139,10,350,173,180,1);
INSERT INTO `pokemon` VALUES (140,"kabuto",140,5,115,71,181,1);
INSERT INTO `pokemon` VALUES (141,"kabutops",141,13,405,173,182,1);
INSERT INTO `pokemon` VALUES (142,"aerodactyl",142,18,590,180,183,1);
INSERT INTO `pokemon` VALUES (143,"snorlax",143,21,4600,189,186,1);
INSERT INTO `pokemon` VALUES (144,"articuno",144,17,554,261,187,1);
INSERT INTO `pokemon` VALUES (145,"zapdos",145,16,526,261,188,1);
INSERT INTO `pokemon` VALUES (146,"moltres",146,20,600,261,189,1);
INSERT INTO `pokemon` VALUES (147,"dratini",147,18,33,60,190,1);
INSERT INTO `pokemon` VALUES (148,"dragonair",148,40,165,147,191,1);
INSERT INTO `pokemon` VALUES (149,"dragonite",149,22,2100,270,192,1);
INSERT INTO `pokemon` VALUES (150,"mewtwo",150,20,1220,306,193,1);
INSERT INTO `pokemon` VALUES (151,"mew",151,4,40,270,196,1);
INSERT INTO `pokemon` VALUES (152,"chikorita",152,9,64,64,197,1);
INSERT INTO `pokemon` VALUES (153,"bayleef",153,12,158,142,198,1);
INSERT INTO `pokemon` VALUES (154,"meganium",154,18,1005,236,199,1);
INSERT INTO `pokemon` VALUES (155,"cyndaquil",155,5,79,62,200,1);
INSERT INTO `pokemon` VALUES (156,"quilava",156,9,190,142,201,1);
INSERT INTO `pokemon` VALUES (157,"typhlosion",157,17,795,240,202,1);
INSERT INTO `pokemon` VALUES (158,"totodile",158,6,95,63,203,1);
INSERT INTO `pokemon` VALUES (159,"croconaw",159,11,250,142,204,1);
INSERT INTO `pokemon` VALUES (160,"feraligatr",160,23,888,239,205,1);
INSERT INTO `pokemon` VALUES (161,"sentret",161,8,60,43,206,1);
INSERT INTO `pokemon` VALUES (162,"furret",162,18,325,145,207,1);
INSERT INTO `pokemon` VALUES (163,"hoothoot",163,7,212,52,208,1);
INSERT INTO `pokemon` VALUES (164,"noctowl",164,16,408,155,209,1);
INSERT INTO `pokemon` VALUES (165,"ledyba",165,10,108,53,210,1);
INSERT INTO `pokemon` VALUES (166,"ledian",166,14,356,137,211,1);
INSERT INTO `pokemon` VALUES (167,"spinarak",167,5,85,50,212,1);
INSERT INTO `pokemon` VALUES (168,"ariados",168,11,335,137,213,1);
INSERT INTO `pokemon` VALUES (169,"crobat",169,18,750,241,50,1);
INSERT INTO `pokemon` VALUES (170,"chinchou",170,5,120,66,214,1);
INSERT INTO `pokemon` VALUES (171,"lanturn",171,12,225,161,215,1);
INSERT INTO `pokemon` VALUES (172,"pichu",172,3,20,41,29,1);
INSERT INTO `pokemon` VALUES (173,"cleffa",173,3,30,44,40,1);
INSERT INTO `pokemon` VALUES (174,"igglybuff",174,3,10,42,45,1);
INSERT INTO `pokemon` VALUES (175,"togepi",175,3,15,49,216,1);
INSERT INTO `pokemon` VALUES (176,"togetic",176,6,32,142,217,1);
INSERT INTO `pokemon` VALUES (177,"natu",177,2,20,64,219,1);
INSERT INTO `pokemon` VALUES (178,"xatu",178,15,150,165,220,1);
INSERT INTO `pokemon` VALUES (179,"mareep",179,6,78,56,221,1);
INSERT INTO `pokemon` VALUES (180,"flaaffy",180,8,133,128,222,1);
INSERT INTO `pokemon` VALUES (181,"ampharos",181,14,615,225,223,1);
INSERT INTO `pokemon` VALUES (182,"bellossom",182,4,58,216,54,1);
INSERT INTO `pokemon` VALUES (183,"marill",183,4,85,88,226,1);
INSERT INTO `pokemon` VALUES (184,"azumarill",184,8,285,185,227,1);
INSERT INTO `pokemon` VALUES (185,"sudowoodo",185,12,380,144,229,1);
INSERT INTO `pokemon` VALUES (186,"politoed",186,11,339,225,72,1);
INSERT INTO `pokemon` VALUES (187,"hoppip",187,4,5,50,230,1);
INSERT INTO `pokemon` VALUES (188,"skiploom",188,6,10,119,231,1);
INSERT INTO `pokemon` VALUES (189,"jumpluff",189,8,30,203,232,1);
INSERT INTO `pokemon` VALUES (190,"aipom",190,8,115,72,233,1);
INSERT INTO `pokemon` VALUES (191,"sunkern",191,3,18,36,235,1);
INSERT INTO `pokemon` VALUES (192,"sunflora",192,8,85,149,236,1);
INSERT INTO `pokemon` VALUES (193,"yanma",193,12,380,78,237,1);
INSERT INTO `pokemon` VALUES (194,"wooper",194,4,85,42,239,1);
INSERT INTO `pokemon` VALUES (195,"quagsire",195,14,750,151,240,1);
INSERT INTO `pokemon` VALUES (196,"espeon",196,9,265,184,171,1);
INSERT INTO `pokemon` VALUES (197,"umbreon",197,10,270,184,172,1);
INSERT INTO `pokemon` VALUES (198,"murkrow",198,5,21,81,241,1);
INSERT INTO `pokemon` VALUES (199,"slowking",199,20,795,172,92,1);
INSERT INTO `pokemon` VALUES (200,"misdreavus",200,7,10,87,243,1);
INSERT INTO `pokemon` VALUES (201,"unown",201,5,50,118,245,1);
INSERT INTO `pokemon` VALUES (202,"wobbuffet",202,13,285,142,247,1);
INSERT INTO `pokemon` VALUES (203,"girafarig",203,15,415,159,248,1);
INSERT INTO `pokemon` VALUES (204,"pineco",204,6,72,58,249,1);
INSERT INTO `pokemon` VALUES (205,"forretress",205,12,1258,163,250,1);
INSERT INTO `pokemon` VALUES (206,"dunsparce",206,15,140,145,251,1);
INSERT INTO `pokemon` VALUES (207,"gligar",207,11,648,86,252,1);
INSERT INTO `pokemon` VALUES (208,"steelix",208,92,4000,179,110,1);
INSERT INTO `pokemon` VALUES (209,"snubbull",209,6,78,60,254,1);
INSERT INTO `pokemon` VALUES (210,"granbull",210,14,487,158,255,1);
INSERT INTO `pokemon` VALUES (211,"qwilfish",211,5,39,86,256,1);
INSERT INTO `pokemon` VALUES (212,"scizor",212,18,1180,175,149,1);
INSERT INTO `pokemon` VALUES (213,"shuckle",213,6,205,177,257,1);
INSERT INTO `pokemon` VALUES (214,"heracross",214,15,540,175,258,1);
INSERT INTO `pokemon` VALUES (215,"sneasel",215,9,280,86,260,1);
INSERT INTO `pokemon` VALUES (216,"teddiursa",216,6,88,66,262,1);
INSERT INTO `pokemon` VALUES (217,"ursaring",217,18,1258,175,263,1);
INSERT INTO `pokemon` VALUES (218,"slugma",218,7,350,50,264,1);
INSERT INTO `pokemon` VALUES (219,"magcargo",219,8,550,144,265,1);
INSERT INTO `pokemon` VALUES (220,"swinub",220,4,65,50,266,1);
INSERT INTO `pokemon` VALUES (221,"piloswine",221,11,558,158,267,1);
INSERT INTO `pokemon` VALUES (222,"corsola",222,6,50,133,269,1);
INSERT INTO `pokemon` VALUES (223,"remoraid",223,6,120,60,270,1);
INSERT INTO `pokemon` VALUES (224,"octillery",224,9,285,168,271,1);
INSERT INTO `pokemon` VALUES (225,"delibird",225,9,160,116,272,1);
INSERT INTO `pokemon` VALUES (226,"mantine",226,21,2200,163,274,1);
INSERT INTO `pokemon` VALUES (227,"skarmory",227,17,505,163,275,1);
INSERT INTO `pokemon` VALUES (228,"houndour",228,6,108,66,276,1);
INSERT INTO `pokemon` VALUES (229,"houndoom",229,14,350,175,277,1);
INSERT INTO `pokemon` VALUES (230,"kingdra",230,18,1520,243,141,1);
INSERT INTO `pokemon` VALUES (231,"phanpy",231,5,335,66,279,1);
INSERT INTO `pokemon` VALUES (232,"donphan",232,11,1200,175,280,1);
INSERT INTO `pokemon` VALUES (233,"porygon2",233,6,325,180,177,1);
INSERT INTO `pokemon` VALUES (234,"stantler",234,14,712,163,281,1);
INSERT INTO `pokemon` VALUES (235,"smeargle",235,12,580,88,282,1);
INSERT INTO `pokemon` VALUES (236,"tyrogue",236,7,210,42,121,1);
INSERT INTO `pokemon` VALUES (237,"hitmontop",237,14,480,159,124,1);
INSERT INTO `pokemon` VALUES (238,"smoochum",238,4,60,61,151,1);
INSERT INTO `pokemon` VALUES (239,"elekid",239,6,235,72,153,1);
INSERT INTO `pokemon` VALUES (240,"magby",240,7,214,73,156,1);
INSERT INTO `pokemon` VALUES (241,"miltank",241,12,755,172,283,1);
INSERT INTO `pokemon` VALUES (242,"blissey",242,15,468,608,134,1);
INSERT INTO `pokemon` VALUES (243,"raikou",243,19,1780,261,284,1);
INSERT INTO `pokemon` VALUES (244,"entei",244,21,1980,261,285,1);
INSERT INTO `pokemon` VALUES (245,"suicune",245,20,1870,261,286,1);
INSERT INTO `pokemon` VALUES (246,"larvitar",246,6,720,60,287,1);
INSERT INTO `pokemon` VALUES (247,"pupitar",247,12,1520,144,288,1);
INSERT INTO `pokemon` VALUES (248,"tyranitar",248,20,2020,270,289,1);
INSERT INTO `pokemon` VALUES (249,"lugia",249,52,2160,306,291,1);
INSERT INTO `pokemon` VALUES (250,"ho-oh",250,38,1990,306,292,1);
INSERT INTO `pokemon` VALUES (251,"celebi",251,6,50,270,293,1);
INSERT INTO `pokemon` VALUES (252,"treecko",252,5,50,62,294,1);
INSERT INTO `pokemon` VALUES (253,"grovyle",253,9,216,142,295,1);
INSERT INTO `pokemon` VALUES (254,"sceptile",254,17,522,239,296,1);
INSERT INTO `pokemon` VALUES (255,"torchic",255,4,25,62,297,1);
INSERT INTO `pokemon` VALUES (256,"combusken",256,9,195,142,298,1);
INSERT INTO `pokemon` VALUES (257,"blaziken",257,19,520,239,299,1);
INSERT INTO `pokemon` VALUES (258,"mudkip",258,4,76,62,301,1);
INSERT INTO `pokemon` VALUES (259,"marshtomp",259,7,280,142,302,1);
INSERT INTO `pokemon` VALUES (260,"swampert",260,15,819,241,303,1);
INSERT INTO `pokemon` VALUES (261,"poochyena",261,5,136,44,304,1);
INSERT INTO `pokemon` VALUES (262,"mightyena",262,10,370,147,305,1);
INSERT INTO `pokemon` VALUES (263,"zigzagoon",263,4,175,48,306,1);
INSERT INTO `pokemon` VALUES (264,"linoone",264,5,325,147,307,1);
INSERT INTO `pokemon` VALUES (265,"wurmple",265,3,36,39,308,1);
INSERT INTO `pokemon` VALUES (266,"silcoon",266,6,100,72,309,1);
INSERT INTO `pokemon` VALUES (267,"beautifly",267,10,284,173,310,1);
INSERT INTO `pokemon` VALUES (268,"cascoon",268,7,115,41,311,1);
INSERT INTO `pokemon` VALUES (269,"dustox",269,12,316,135,312,1);
INSERT INTO `pokemon` VALUES (270,"lotad",270,5,26,44,313,1);
INSERT INTO `pokemon` VALUES (271,"lombre",271,12,325,119,314,1);
INSERT INTO `pokemon` VALUES (272,"ludicolo",272,15,550,216,315,1);
INSERT INTO `pokemon` VALUES (273,"seedot",273,5,40,44,316,1);
INSERT INTO `pokemon` VALUES (274,"nuzleaf",274,10,280,119,317,1);
INSERT INTO `pokemon` VALUES (275,"shiftry",275,13,596,216,318,1);
INSERT INTO `pokemon` VALUES (276,"taillow",276,3,23,54,319,1);
INSERT INTO `pokemon` VALUES (277,"swellow",277,7,198,151,320,1);
INSERT INTO `pokemon` VALUES (278,"wingull",278,6,95,54,321,1);
INSERT INTO `pokemon` VALUES (279,"pelipper",279,12,280,151,322,1);
INSERT INTO `pokemon` VALUES (280,"ralts",280,4,66,40,323,1);
INSERT INTO `pokemon` VALUES (281,"kirlia",281,8,202,97,324,1);
INSERT INTO `pokemon` VALUES (282,"gardevoir",282,16,484,233,325,1);
INSERT INTO `pokemon` VALUES (283,"surskit",283,5,17,54,328,1);
INSERT INTO `pokemon` VALUES (284,"masquerain",284,8,36,145,329,1);
INSERT INTO `pokemon` VALUES (285,"shroomish",285,4,45,59,330,1);
INSERT INTO `pokemon` VALUES (286,"breloom",286,12,392,161,331,1);
INSERT INTO `pokemon` VALUES (287,"slakoth",287,8,240,56,332,1);
INSERT INTO `pokemon` VALUES (288,"vigoroth",288,14,465,154,333,1);
INSERT INTO `pokemon` VALUES (289,"slaking",289,20,1305,252,334,1);
INSERT INTO `pokemon` VALUES (290,"nincada",290,5,55,53,335,1);
INSERT INTO `pokemon` VALUES (291,"ninjask",291,8,120,160,336,1);
INSERT INTO `pokemon` VALUES (292,"shedinja",292,8,12,83,337,1);
INSERT INTO `pokemon` VALUES (293,"whismur",293,6,163,48,338,1);
INSERT INTO `pokemon` VALUES (294,"loudred",294,10,405,126,339,1);
INSERT INTO `pokemon` VALUES (295,"exploud",295,15,840,216,340,1);
INSERT INTO `pokemon` VALUES (296,"makuhita",296,10,864,47,341,1);
INSERT INTO `pokemon` VALUES (297,"hariyama",297,23,2538,166,342,1);
INSERT INTO `pokemon` VALUES (298,"azurill",298,2,20,38,225,1);
INSERT INTO `pokemon` VALUES (299,"nosepass",299,10,970,75,343,1);
INSERT INTO `pokemon` VALUES (300,"skitty",300,6,110,52,345,1);
INSERT INTO `pokemon` VALUES (301,"delcatty",301,11,326,133,346,1);
INSERT INTO `pokemon` VALUES (302,"sableye",302,5,110,133,347,1);
INSERT INTO `pokemon` VALUES (303,"mawile",303,6,115,133,348,1);
INSERT INTO `pokemon` VALUES (304,"aron",304,4,600,66,350,1);
INSERT INTO `pokemon` VALUES (305,"lairon",305,9,1200,151,351,1);
INSERT INTO `pokemon` VALUES (306,"aggron",306,21,3600,239,352,1);
INSERT INTO `pokemon` VALUES (307,"meditite",307,6,112,56,354,1);
INSERT INTO `pokemon` VALUES (308,"medicham",308,13,315,144,355,1);
INSERT INTO `pokemon` VALUES (309,"electrike",309,6,152,59,357,1);
INSERT INTO `pokemon` VALUES (310,"manectric",310,15,402,166,358,1);
INSERT INTO `pokemon` VALUES (311,"plusle",311,4,42,142,360,1);
INSERT INTO `pokemon` VALUES (312,"minun",312,4,42,142,361,1);
INSERT INTO `pokemon` VALUES (313,"volbeat",313,7,177,140,362,1);
INSERT INTO `pokemon` VALUES (314,"illumise",314,6,177,140,363,1);
INSERT INTO `pokemon` VALUES (315,"roselia",315,3,20,140,365,1);
INSERT INTO `pokemon` VALUES (316,"gulpin",316,4,103,60,367,1);
INSERT INTO `pokemon` VALUES (317,"swalot",317,17,800,163,368,1);
INSERT INTO `pokemon` VALUES (318,"carvanha",318,8,208,61,369,1);
INSERT INTO `pokemon` VALUES (319,"sharpedo",319,18,888,161,370,1);
INSERT INTO `pokemon` VALUES (320,"wailmer",320,20,1300,80,371,1);
INSERT INTO `pokemon` VALUES (321,"wailord",321,145,3980,175,372,1);
INSERT INTO `pokemon` VALUES (322,"numel",322,7,240,61,373,1);
INSERT INTO `pokemon` VALUES (323,"camerupt",323,19,2200,161,374,1);
INSERT INTO `pokemon` VALUES (324,"torkoal",324,5,804,165,375,1);
INSERT INTO `pokemon` VALUES (325,"spoink",325,7,306,66,376,1);
INSERT INTO `pokemon` VALUES (326,"grumpig",326,9,715,165,377,1);
INSERT INTO `pokemon` VALUES (327,"spinda",327,11,50,126,378,1);
INSERT INTO `pokemon` VALUES (328,"trapinch",328,7,150,58,379,1);
INSERT INTO `pokemon` VALUES (329,"vibrava",329,11,153,119,380,1);
INSERT INTO `pokemon` VALUES (330,"flygon",330,20,820,234,381,1);
INSERT INTO `pokemon` VALUES (331,"cacnea",331,4,513,67,382,1);
INSERT INTO `pokemon` VALUES (332,"cacturne",332,13,774,166,383,1);
INSERT INTO `pokemon` VALUES (333,"swablu",333,4,12,62,384,1);
INSERT INTO `pokemon` VALUES (334,"altaria",334,11,206,172,385,1);
INSERT INTO `pokemon` VALUES (335,"zangoose",335,13,403,160,386,1);
INSERT INTO `pokemon` VALUES (336,"seviper",336,27,525,160,387,1);
INSERT INTO `pokemon` VALUES (337,"lunatone",337,10,1680,154,388,1);
INSERT INTO `pokemon` VALUES (338,"solrock",338,12,1540,154,389,1);
INSERT INTO `pokemon` VALUES (339,"barboach",339,4,19,58,390,1);
INSERT INTO `pokemon` VALUES (340,"whiscash",340,9,236,164,391,1);
INSERT INTO `pokemon` VALUES (341,"corphish",341,6,115,62,392,1);
INSERT INTO `pokemon` VALUES (342,"crawdaunt",342,11,328,164,393,1);
INSERT INTO `pokemon` VALUES (343,"baltoy",343,5,215,60,394,1);
INSERT INTO `pokemon` VALUES (344,"claydol",344,15,1080,175,395,1);
INSERT INTO `pokemon` VALUES (345,"lileep",345,10,238,71,396,1);
INSERT INTO `pokemon` VALUES (346,"cradily",346,15,604,173,397,1);
INSERT INTO `pokemon` VALUES (347,"anorith",347,7,125,71,398,1);
INSERT INTO `pokemon` VALUES (348,"armaldo",348,15,682,173,399,1);
INSERT INTO `pokemon` VALUES (349,"feebas",349,6,74,40,400,1);
INSERT INTO `pokemon` VALUES (350,"milotic",350,62,1620,189,401,1);
INSERT INTO `pokemon` VALUES (351,"castform",351,3,8,147,402,1);
INSERT INTO `pokemon` VALUES (352,"kecleon",352,10,220,154,406,1);
INSERT INTO `pokemon` VALUES (353,"shuppet",353,6,23,59,407,1);
INSERT INTO `pokemon` VALUES (354,"banette",354,11,125,159,408,1);
INSERT INTO `pokemon` VALUES (355,"duskull",355,8,150,59,410,1);
INSERT INTO `pokemon` VALUES (356,"dusclops",356,16,306,159,411,1);
INSERT INTO `pokemon` VALUES (357,"tropius",357,20,1000,161,413,1);
INSERT INTO `pokemon` VALUES (358,"chimecho",358,6,10,149,415,1);
INSERT INTO `pokemon` VALUES (359,"absol",359,12,470,163,416,1);
INSERT INTO `pokemon` VALUES (360,"wynaut",360,6,140,52,246,1);
INSERT INTO `pokemon` VALUES (361,"snorunt",361,7,168,60,418,1);
INSERT INTO `pokemon` VALUES (362,"glalie",362,15,2565,168,419,1);
INSERT INTO `pokemon` VALUES (363,"spheal",363,8,395,58,421,1);
INSERT INTO `pokemon` VALUES (364,"sealeo",364,11,876,144,422,1);
INSERT INTO `pokemon` VALUES (365,"walrein",365,14,1506,239,423,1);
INSERT INTO `pokemon` VALUES (366,"clamperl",366,4,525,69,424,1);
INSERT INTO `pokemon` VALUES (367,"huntail",367,17,270,170,425,1);
INSERT INTO `pokemon` VALUES (368,"gorebyss",368,18,226,170,426,1);
INSERT INTO `pokemon` VALUES (369,"relicanth",369,10,234,170,427,1);
INSERT INTO `pokemon` VALUES (370,"luvdisc",370,6,87,116,428,1);
INSERT INTO `pokemon` VALUES (371,"bagon",371,6,421,60,429,1);
INSERT INTO `pokemon` VALUES (372,"shelgon",372,11,1105,147,430,1);
INSERT INTO `pokemon` VALUES (373,"salamence",373,15,1026,270,431,1);
INSERT INTO `pokemon` VALUES (374,"beldum",374,6,952,60,432,1);
INSERT INTO `pokemon` VALUES (375,"metang",375,12,2025,147,433,1);
INSERT INTO `pokemon` VALUES (376,"metagross",376,16,5500,270,434,1);
INSERT INTO `pokemon` VALUES (377,"regirock",377,17,2300,261,435,1);
INSERT INTO `pokemon` VALUES (378,"regice",378,18,1750,261,436,1);
INSERT INTO `pokemon` VALUES (379,"registeel",379,19,2050,261,437,1);
INSERT INTO `pokemon` VALUES (380,"latias",380,14,400,270,438,1);
INSERT INTO `pokemon` VALUES (381,"latios",381,20,600,270,439,1);
INSERT INTO `pokemon` VALUES (382,"kyogre",382,45,3520,302,440,1);
INSERT INTO `pokemon` VALUES (383,"groudon",383,35,9500,302,441,1);
INSERT INTO `pokemon` VALUES (384,"rayquaza",384,70,2065,306,442,1);
INSERT INTO `pokemon` VALUES (385,"jirachi",385,3,11,270,443,1);
INSERT INTO `pokemon` VALUES (386,"deoxys-normal",386,17,608,270,444,1);
INSERT INTO `pokemon` VALUES (387,"turtwig",387,4,102,64,448,1);
INSERT INTO `pokemon` VALUES (388,"grotle",388,11,970,142,449,1);
INSERT INTO `pokemon` VALUES (389,"torterra",389,22,3100,236,450,1);
INSERT INTO `pokemon` VALUES (390,"chimchar",390,5,62,62,451,1);
INSERT INTO `pokemon` VALUES (391,"monferno",391,9,220,142,452,1);
INSERT INTO `pokemon` VALUES (392,"infernape",392,12,550,240,453,1);
INSERT INTO `pokemon` VALUES (393,"piplup",393,4,52,63,454,1);
INSERT INTO `pokemon` VALUES (394,"prinplup",394,8,230,142,455,1);
INSERT INTO `pokemon` VALUES (395,"empoleon",395,17,845,239,456,1);
INSERT INTO `pokemon` VALUES (396,"starly",396,3,20,49,457,1);
INSERT INTO `pokemon` VALUES (397,"staravia",397,6,155,119,458,1);
INSERT INTO `pokemon` VALUES (398,"staraptor",398,12,249,214,459,1);
INSERT INTO `pokemon` VALUES (399,"bidoof",399,5,200,50,460,1);
INSERT INTO `pokemon` VALUES (400,"bibarel",400,10,315,144,461,1);
INSERT INTO `pokemon` VALUES (401,"kricketot",401,3,22,39,462,1);
INSERT INTO `pokemon` VALUES (402,"kricketune",402,10,255,134,463,1);
INSERT INTO `pokemon` VALUES (403,"shinx",403,5,95,53,464,1);
INSERT INTO `pokemon` VALUES (404,"luxio",404,9,305,127,465,1);
INSERT INTO `pokemon` VALUES (405,"luxray",405,14,420,235,466,1);
INSERT INTO `pokemon` VALUES (406,"budew",406,2,12,56,364,1);
INSERT INTO `pokemon` VALUES (407,"roserade",407,9,145,227,366,1);
INSERT INTO `pokemon` VALUES (408,"cranidos",408,9,315,70,467,1);
INSERT INTO `pokemon` VALUES (409,"rampardos",409,16,1025,173,468,1);
INSERT INTO `pokemon` VALUES (410,"shieldon",410,5,570,70,469,1);
INSERT INTO `pokemon` VALUES (411,"bastiodon",411,13,1495,173,470,1);
INSERT INTO `pokemon` VALUES (412,"burmy",412,2,34,45,471,1);
INSERT INTO `pokemon` VALUES (413,"wormadam-plant",413,5,65,148,472,1);
INSERT INTO `pokemon` VALUES (414,"mothim",414,9,233,148,475,1);
INSERT INTO `pokemon` VALUES (415,"combee",415,3,55,49,476,1);
INSERT INTO `pokemon` VALUES (416,"vespiquen",416,12,385,166,477,1);
INSERT INTO `pokemon` VALUES (417,"pachirisu",417,4,39,142,478,1);
INSERT INTO `pokemon` VALUES (418,"buizel",418,7,295,66,479,1);
INSERT INTO `pokemon` VALUES (419,"floatzel",419,11,335,173,480,1);
INSERT INTO `pokemon` VALUES (420,"cherubi",420,4,33,55,481,1);
INSERT INTO `pokemon` VALUES (421,"cherrim",421,5,93,158,482,1);
INSERT INTO `pokemon` VALUES (422,"shellos",422,3,63,65,483,1);
INSERT INTO `pokemon` VALUES (423,"gastrodon",423,9,299,166,484,1);
INSERT INTO `pokemon` VALUES (424,"ambipom",424,12,203,169,234,1);
INSERT INTO `pokemon` VALUES (425,"drifloon",425,4,12,70,485,1);
INSERT INTO `pokemon` VALUES (426,"drifblim",426,12,150,174,486,1);
INSERT INTO `pokemon` VALUES (427,"buneary",427,4,55,70,487,1);
INSERT INTO `pokemon` VALUES (428,"lopunny",428,12,333,168,488,1);
INSERT INTO `pokemon` VALUES (429,"mismagius",429,9,44,173,244,1);
INSERT INTO `pokemon` VALUES (430,"honchkrow",430,9,273,177,242,1);
INSERT INTO `pokemon` VALUES (431,"glameow",431,5,39,62,489,1);
INSERT INTO `pokemon` VALUES (432,"purugly",432,10,438,158,490,1);
INSERT INTO `pokemon` VALUES (433,"chingling",433,2,6,57,414,1);
INSERT INTO `pokemon` VALUES (434,"stunky",434,4,192,66,491,1);
INSERT INTO `pokemon` VALUES (435,"skuntank",435,10,380,168,492,1);
INSERT INTO `pokemon` VALUES (436,"bronzor",436,5,605,60,493,1);
INSERT INTO `pokemon` VALUES (437,"bronzong",437,13,1870,175,494,1);
INSERT INTO `pokemon` VALUES (438,"bonsly",438,5,150,58,228,1);
INSERT INTO `pokemon` VALUES (439,"mime-jr",439,6,130,62,146,1);
INSERT INTO `pokemon` VALUES (440,"happiny",440,6,244,110,132,1);
INSERT INTO `pokemon` VALUES (441,"chatot",441,5,19,144,495,1);
INSERT INTO `pokemon` VALUES (442,"spiritomb",442,10,1080,170,496,1);
INSERT INTO `pokemon` VALUES (443,"gible",443,7,205,60,497,1);
INSERT INTO `pokemon` VALUES (444,"gabite",444,14,560,144,498,1);
INSERT INTO `pokemon` VALUES (445,"garchomp",445,19,950,270,499,1);
INSERT INTO `pokemon` VALUES (446,"munchlax",446,6,1050,78,185,1);
INSERT INTO `pokemon` VALUES (447,"riolu",447,7,202,57,501,1);
INSERT INTO `pokemon` VALUES (448,"lucario",448,12,540,184,502,1);
INSERT INTO `pokemon` VALUES (449,"hippopotas",449,8,495,66,504,1);
INSERT INTO `pokemon` VALUES (450,"hippowdon",450,20,3000,184,505,1);
INSERT INTO `pokemon` VALUES (451,"skorupi",451,8,120,66,506,1);
INSERT INTO `pokemon` VALUES (452,"drapion",452,13,615,175,507,1);
INSERT INTO `pokemon` VALUES (453,"croagunk",453,7,230,60,508,1);
INSERT INTO `pokemon` VALUES (454,"toxicroak",454,13,444,172,509,1);
INSERT INTO `pokemon` VALUES (455,"carnivine",455,14,270,159,510,1);
INSERT INTO `pokemon` VALUES (456,"finneon",456,4,70,66,511,1);
INSERT INTO `pokemon` VALUES (457,"lumineon",457,12,240,161,512,1);
INSERT INTO `pokemon` VALUES (458,"mantyke",458,10,650,69,273,1);
INSERT INTO `pokemon` VALUES (459,"snover",459,10,505,67,513,1);
INSERT INTO `pokemon` VALUES (460,"abomasnow",460,22,1355,173,514,1);
INSERT INTO `pokemon` VALUES (461,"weavile",461,11,340,179,261,1);
INSERT INTO `pokemon` VALUES (462,"magnezone",462,12,1800,241,95,1);
INSERT INTO `pokemon` VALUES (463,"lickilicky",463,17,1400,180,126,1);
INSERT INTO `pokemon` VALUES (464,"rhyperior",464,24,2828,241,131,1);
INSERT INTO `pokemon` VALUES (465,"tangrowth",465,20,1286,187,136,1);
INSERT INTO `pokemon` VALUES (466,"electivire",466,18,1386,243,155,1);
INSERT INTO `pokemon` VALUES (467,"magmortar",467,16,680,243,158,1);
INSERT INTO `pokemon` VALUES (468,"togekiss",468,15,380,245,218,1);
INSERT INTO `pokemon` VALUES (469,"yanmega",469,19,515,180,238,1);
INSERT INTO `pokemon` VALUES (470,"leafeon",470,10,255,184,173,1);
INSERT INTO `pokemon` VALUES (471,"glaceon",471,8,259,184,174,1);
INSERT INTO `pokemon` VALUES (472,"gliscor",472,20,425,179,253,1);
INSERT INTO `pokemon` VALUES (473,"mamoswine",473,25,2910,239,268,1);
INSERT INTO `pokemon` VALUES (474,"porygon-z",474,9,340,241,178,1);
INSERT INTO `pokemon` VALUES (475,"gallade",475,16,520,233,327,1);
INSERT INTO `pokemon` VALUES (476,"probopass",476,14,3400,184,344,1);
INSERT INTO `pokemon` VALUES (477,"dusknoir",477,22,1066,236,412,1);
INSERT INTO `pokemon` VALUES (478,"froslass",478,13,266,168,420,1);
INSERT INTO `pokemon` VALUES (479,"rotom",479,3,3,154,516,1);
INSERT INTO `pokemon` VALUES (480,"uxie",480,3,3,261,522,1);
INSERT INTO `pokemon` VALUES (481,"mesprit",481,3,3,261,523,1);
INSERT INTO `pokemon` VALUES (482,"azelf",482,3,3,261,524,1);
INSERT INTO `pokemon` VALUES (483,"dialga",483,54,6830,306,525,1);
INSERT INTO `pokemon` VALUES (484,"palkia",484,42,3360,306,526,1);
INSERT INTO `pokemon` VALUES (485,"heatran",485,17,4300,270,527,1);
INSERT INTO `pokemon` VALUES (486,"regigigas",486,37,4200,302,528,1);
INSERT INTO `pokemon` VALUES (487,"giratina-altered",487,45,7500,306,529,1);
INSERT INTO `pokemon` VALUES (488,"cresselia",488,15,856,270,531,1);
INSERT INTO `pokemon` VALUES (489,"phione",489,4,31,216,532,1);
INSERT INTO `pokemon` VALUES (490,"manaphy",490,3,14,270,533,1);
INSERT INTO `pokemon` VALUES (491,"darkrai",491,15,505,270,534,1);
INSERT INTO `pokemon` VALUES (492,"shaymin-land",492,2,21,270,535,1);
INSERT INTO `pokemon` VALUES (493,"arceus",493,32,3200,324,537,1);
INSERT INTO `pokemon` VALUES (494,"victini",494,4,40,270,538,1);
INSERT INTO `pokemon` VALUES (495,"snivy",495,6,81,62,539,1);
INSERT INTO `pokemon` VALUES (496,"servine",496,8,160,145,540,1);
INSERT INTO `pokemon` VALUES (497,"serperior",497,33,630,238,541,1);
INSERT INTO `pokemon` VALUES (498,"tepig",498,5,99,62,542,1);
INSERT INTO `pokemon` VALUES (499,"pignite",499,10,555,146,543,1);
INSERT INTO `pokemon` VALUES (500,"emboar",500,16,1500,238,544,1);
INSERT INTO `pokemon` VALUES (501,"oshawott",501,5,59,62,545,1);
INSERT INTO `pokemon` VALUES (502,"dewott",502,8,245,145,546,1);
INSERT INTO `pokemon` VALUES (503,"samurott",503,15,946,238,547,1);
INSERT INTO `pokemon` VALUES (504,"patrat",504,5,116,51,548,1);
INSERT INTO `pokemon` VALUES (505,"watchog",505,11,270,147,549,1);
INSERT INTO `pokemon` VALUES (506,"lillipup",506,4,41,55,550,1);
INSERT INTO `pokemon` VALUES (507,"herdier",507,9,147,130,551,1);
INSERT INTO `pokemon` VALUES (508,"stoutland",508,12,610,221,552,1);
INSERT INTO `pokemon` VALUES (509,"purrloin",509,4,101,56,553,1);
INSERT INTO `pokemon` VALUES (510,"liepard",510,11,375,156,554,1);
INSERT INTO `pokemon` VALUES (511,"pansage",511,6,105,63,555,1);
INSERT INTO `pokemon` VALUES (512,"simisage",512,11,305,174,556,1);
INSERT INTO `pokemon` VALUES (513,"pansear",513,6,110,63,557,1);
INSERT INTO `pokemon` VALUES (514,"simisear",514,10,280,174,558,1);
INSERT INTO `pokemon` VALUES (515,"panpour",515,6,135,63,559,1);
INSERT INTO `pokemon` VALUES (516,"simipour",516,10,290,174,560,1);
INSERT INTO `pokemon` VALUES (517,"munna",517,6,233,58,561,1);
INSERT INTO `pokemon` VALUES (518,"musharna",518,11,605,170,562,1);
INSERT INTO `pokemon` VALUES (519,"pidove",519,3,21,53,563,1);
INSERT INTO `pokemon` VALUES (520,"tranquill",520,6,150,125,564,1);
INSERT INTO `pokemon` VALUES (521,"unfezant",521,12,290,215,565,1);
INSERT INTO `pokemon` VALUES (522,"blitzle",522,8,298,59,566,1);
INSERT INTO `pokemon` VALUES (523,"zebstrika",523,16,795,174,567,1);
INSERT INTO `pokemon` VALUES (524,"roggenrola",524,4,180,56,568,1);
INSERT INTO `pokemon` VALUES (525,"boldore",525,9,1020,137,569,1);
INSERT INTO `pokemon` VALUES (526,"gigalith",526,17,2600,227,570,1);
INSERT INTO `pokemon` VALUES (527,"woobat",527,4,21,63,571,1);
INSERT INTO `pokemon` VALUES (528,"swoobat",528,9,105,149,572,1);
INSERT INTO `pokemon` VALUES (529,"drilbur",529,3,85,66,573,1);
INSERT INTO `pokemon` VALUES (530,"excadrill",530,7,404,178,574,1);
INSERT INTO `pokemon` VALUES (531,"audino",531,11,310,390,575,1);
INSERT INTO `pokemon` VALUES (532,"timburr",532,6,125,61,576,1);
INSERT INTO `pokemon` VALUES (533,"gurdurr",533,12,400,142,577,1);
INSERT INTO `pokemon` VALUES (534,"conkeldurr",534,14,870,227,578,1);
INSERT INTO `pokemon` VALUES (535,"tympole",535,5,45,59,579,1);
INSERT INTO `pokemon` VALUES (536,"palpitoad",536,8,170,134,580,1);
INSERT INTO `pokemon` VALUES (537,"seismitoad",537,15,620,225,581,1);
INSERT INTO `pokemon` VALUES (538,"throh",538,13,555,163,582,1);
INSERT INTO `pokemon` VALUES (539,"sawk",539,14,510,163,583,1);
INSERT INTO `pokemon` VALUES (540,"sewaddle",540,3,25,62,584,1);
INSERT INTO `pokemon` VALUES (541,"swadloon",541,5,73,133,585,1);
INSERT INTO `pokemon` VALUES (542,"leavanny",542,12,205,221,586,1);
INSERT INTO `pokemon` VALUES (543,"venipede",543,4,53,52,587,1);
INSERT INTO `pokemon` VALUES (544,"whirlipede",544,12,585,126,588,1);
INSERT INTO `pokemon` VALUES (545,"scolipede",545,25,2005,214,589,1);
INSERT INTO `pokemon` VALUES (546,"cottonee",546,3,6,56,590,1);
INSERT INTO `pokemon` VALUES (547,"whimsicott",547,7,66,168,591,1);
INSERT INTO `pokemon` VALUES (548,"petilil",548,5,66,56,592,1);
INSERT INTO `pokemon` VALUES (549,"lilligant",549,11,163,168,593,1);
INSERT INTO `pokemon` VALUES (550,"basculin-red-striped",550,10,180,161,594,1);
INSERT INTO `pokemon` VALUES (551,"sandile",551,7,152,58,596,1);
INSERT INTO `pokemon` VALUES (552,"krokorok",552,10,334,123,597,1);
INSERT INTO `pokemon` VALUES (553,"krookodile",553,15,963,229,598,1);
INSERT INTO `pokemon` VALUES (554,"darumaka",554,6,375,63,599,1);
INSERT INTO `pokemon` VALUES (555,"darmanitan-standard",555,13,929,168,600,1);
INSERT INTO `pokemon` VALUES (556,"maractus",556,10,280,161,602,1);
INSERT INTO `pokemon` VALUES (557,"dwebble",557,3,145,65,603,1);
INSERT INTO `pokemon` VALUES (558,"crustle",558,14,2000,166,604,1);
INSERT INTO `pokemon` VALUES (559,"scraggy",559,6,118,70,605,1);
INSERT INTO `pokemon` VALUES (560,"scrafty",560,11,300,171,606,1);
INSERT INTO `pokemon` VALUES (561,"sigilyph",561,14,140,172,607,1);
INSERT INTO `pokemon` VALUES (562,"yamask",562,5,15,61,608,1);
INSERT INTO `pokemon` VALUES (563,"cofagrigus",563,17,765,169,609,1);
INSERT INTO `pokemon` VALUES (564,"tirtouga",564,7,165,71,610,1);
INSERT INTO `pokemon` VALUES (565,"carracosta",565,12,810,173,611,1);
INSERT INTO `pokemon` VALUES (566,"archen",566,5,95,71,612,1);
INSERT INTO `pokemon` VALUES (567,"archeops",567,14,320,177,613,1);
INSERT INTO `pokemon` VALUES (568,"trubbish",568,6,310,66,614,1);
INSERT INTO `pokemon` VALUES (569,"garbodor",569,19,1073,166,615,1);
INSERT INTO `pokemon` VALUES (570,"zorua",570,7,125,66,616,1);
INSERT INTO `pokemon` VALUES (571,"zoroark",571,16,811,179,617,1);
INSERT INTO `pokemon` VALUES (572,"minccino",572,4,58,60,618,1);
INSERT INTO `pokemon` VALUES (573,"cinccino",573,5,75,165,619,1);
INSERT INTO `pokemon` VALUES (574,"gothita",574,4,58,58,620,1);
INSERT INTO `pokemon` VALUES (575,"gothorita",575,7,180,137,621,1);
INSERT INTO `pokemon` VALUES (576,"gothitelle",576,15,440,221,622,1);
INSERT INTO `pokemon` VALUES (577,"solosis",577,3,10,58,623,1);
INSERT INTO `pokemon` VALUES (578,"duosion",578,6,80,130,624,1);
INSERT INTO `pokemon` VALUES (579,"reuniclus",579,10,201,221,625,1);
INSERT INTO `pokemon` VALUES (580,"ducklett",580,5,55,61,626,1);
INSERT INTO `pokemon` VALUES (581,"swanna",581,13,242,166,627,1);
INSERT INTO `pokemon` VALUES (582,"vanillite",582,4,57,61,628,1);
INSERT INTO `pokemon` VALUES (583,"vanillish",583,11,410,138,629,1);
INSERT INTO `pokemon` VALUES (584,"vanilluxe",584,13,575,241,630,1);
INSERT INTO `pokemon` VALUES (585,"deerling",585,6,195,67,631,1);
INSERT INTO `pokemon` VALUES (586,"sawsbuck",586,19,925,166,632,1);
INSERT INTO `pokemon` VALUES (587,"emolga",587,4,50,150,633,1);
INSERT INTO `pokemon` VALUES (588,"karrablast",588,5,59,63,634,1);
INSERT INTO `pokemon` VALUES (589,"escavalier",589,10,330,173,635,1);
INSERT INTO `pokemon` VALUES (590,"foongus",590,2,10,59,636,1);
INSERT INTO `pokemon` VALUES (591,"amoonguss",591,6,105,162,637,1);
INSERT INTO `pokemon` VALUES (592,"frillish",592,12,330,67,638,1);
INSERT INTO `pokemon` VALUES (593,"jellicent",593,22,1350,168,639,1);
INSERT INTO `pokemon` VALUES (594,"alomomola",594,12,316,165,640,1);
INSERT INTO `pokemon` VALUES (595,"joltik",595,1,6,64,641,1);
INSERT INTO `pokemon` VALUES (596,"galvantula",596,8,143,165,642,1);
INSERT INTO `pokemon` VALUES (597,"ferroseed",597,6,188,61,643,1);
INSERT INTO `pokemon` VALUES (598,"ferrothorn",598,10,1100,171,644,1);
INSERT INTO `pokemon` VALUES (599,"klink",599,3,210,60,645,1);
INSERT INTO `pokemon` VALUES (600,"klang",600,6,510,154,646,1);
INSERT INTO `pokemon` VALUES (601,"klinklang",601,6,810,234,647,1);
INSERT INTO `pokemon` VALUES (602,"tynamo",602,2,3,55,648,1);
INSERT INTO `pokemon` VALUES (603,"eelektrik",603,12,220,142,649,1);
INSERT INTO `pokemon` VALUES (604,"eelektross",604,21,805,232,650,1);
INSERT INTO `pokemon` VALUES (605,"elgyem",605,5,90,67,651,1);
INSERT INTO `pokemon` VALUES (606,"beheeyem",606,10,345,170,652,1);
INSERT INTO `pokemon` VALUES (607,"litwick",607,3,31,55,653,1);
INSERT INTO `pokemon` VALUES (608,"lampent",608,6,130,130,654,1);
INSERT INTO `pokemon` VALUES (609,"chandelure",609,10,343,234,655,1);
INSERT INTO `pokemon` VALUES (610,"axew",610,6,180,64,656,1);
INSERT INTO `pokemon` VALUES (611,"fraxure",611,10,360,144,657,1);
INSERT INTO `pokemon` VALUES (612,"haxorus",612,18,1055,243,658,1);
INSERT INTO `pokemon` VALUES (613,"cubchoo",613,5,85,61,659,1);
INSERT INTO `pokemon` VALUES (614,"beartic",614,26,2600,170,660,1);
INSERT INTO `pokemon` VALUES (615,"cryogonal",615,11,1480,170,661,1);
INSERT INTO `pokemon` VALUES (616,"shelmet",616,4,77,61,662,1);
INSERT INTO `pokemon` VALUES (617,"accelgor",617,8,253,173,663,1);
INSERT INTO `pokemon` VALUES (618,"stunfisk",618,7,110,165,664,1);
INSERT INTO `pokemon` VALUES (619,"mienfoo",619,9,200,70,665,1);
INSERT INTO `pokemon` VALUES (620,"mienshao",620,14,355,179,666,1);
INSERT INTO `pokemon` VALUES (621,"druddigon",621,16,1390,170,667,1);
INSERT INTO `pokemon` VALUES (622,"golett",622,10,920,61,668,1);
INSERT INTO `pokemon` VALUES (623,"golurk",623,28,3300,169,669,1);
INSERT INTO `pokemon` VALUES (624,"pawniard",624,5,102,68,670,1);
INSERT INTO `pokemon` VALUES (625,"bisharp",625,16,700,172,671,1);
INSERT INTO `pokemon` VALUES (626,"bouffalant",626,16,946,172,672,1);
INSERT INTO `pokemon` VALUES (627,"rufflet",627,5,105,70,673,1);
INSERT INTO `pokemon` VALUES (628,"braviary",628,15,410,179,674,1);
INSERT INTO `pokemon` VALUES (629,"vullaby",629,5,90,74,675,1);
INSERT INTO `pokemon` VALUES (630,"mandibuzz",630,12,395,179,676,1);
INSERT INTO `pokemon` VALUES (631,"heatmor",631,14,580,169,677,1);
INSERT INTO `pokemon` VALUES (632,"durant",632,3,330,169,678,1);
INSERT INTO `pokemon` VALUES (633,"deino",633,8,173,60,679,1);
INSERT INTO `pokemon` VALUES (634,"zweilous",634,14,500,147,680,1);
INSERT INTO `pokemon` VALUES (635,"hydreigon",635,18,1600,270,681,1);
INSERT INTO `pokemon` VALUES (636,"larvesta",636,11,288,72,682,1);
INSERT INTO `pokemon` VALUES (637,"volcarona",637,16,460,248,683,1);
INSERT INTO `pokemon` VALUES (638,"cobalion",638,21,2500,261,684,1);
INSERT INTO `pokemon` VALUES (639,"terrakion",639,19,2600,261,685,1);
INSERT INTO `pokemon` VALUES (640,"virizion",640,20,2000,261,686,1);
INSERT INTO `pokemon` VALUES (641,"tornadus-incarnate",641,15,630,261,687,1);
INSERT INTO `pokemon` VALUES (642,"thundurus-incarnate",642,15,610,261,689,1);
INSERT INTO `pokemon` VALUES (643,"reshiram",643,32,3300,306,691,1);
INSERT INTO `pokemon` VALUES (644,"zekrom",644,29,3450,306,692,1);
INSERT INTO `pokemon` VALUES (645,"landorus-incarnate",645,15,680,270,693,1);
INSERT INTO `pokemon` VALUES (646,"kyurem",646,30,3250,297,695,1);
INSERT INTO `pokemon` VALUES (647,"keldeo-ordinary",647,14,485,261,698,1);
INSERT INTO `pokemon` VALUES (648,"meloetta-aria",648,6,65,270,700,1);
INSERT INTO `pokemon` VALUES (649,"genesect",649,15,825,270,702,1);
INSERT INTO `pokemon` VALUES (650,"chespin",650,4,90,0,703,1);
INSERT INTO `pokemon` VALUES (651,"quilladin",651,7,290,0,704,1);
INSERT INTO `pokemon` VALUES (652,"chesnaught",652,16,900,0,705,1);
INSERT INTO `pokemon` VALUES (653,"fennekin",653,4,94,0,706,1);
INSERT INTO `pokemon` VALUES (654,"braixen",654,10,145,0,707,1);
INSERT INTO `pokemon` VALUES (655,"delphox",655,15,390,0,708,1);
INSERT INTO `pokemon` VALUES (656,"froakie",656,3,70,0,709,1);
INSERT INTO `pokemon` VALUES (657,"frogadier",657,6,109,0,710,1);
INSERT INTO `pokemon` VALUES (658,"greninja",658,15,400,0,711,1);
INSERT INTO `pokemon` VALUES (659,"bunnelby",659,4,50,0,712,1);
INSERT INTO `pokemon` VALUES (660,"diggersby",660,10,424,0,713,1);
INSERT INTO `pokemon` VALUES (661,"fletchling",661,3,17,0,714,1);
INSERT INTO `pokemon` VALUES (662,"fletchinder",662,7,160,0,715,1);
INSERT INTO `pokemon` VALUES (663,"talonflame",663,12,245,0,716,1);
INSERT INTO `pokemon` VALUES (664,"scatterbug",664,3,25,0,717,1);
INSERT INTO `pokemon` VALUES (665,"spewpa",665,3,84,0,718,1);
INSERT INTO `pokemon` VALUES (666,"vivillon",666,12,170,0,719,1);
INSERT INTO `pokemon` VALUES (667,"litleo",667,6,135,0,720,1);
INSERT INTO `pokemon` VALUES (668,"pyroar",668,15,815,0,721,1);
INSERT INTO `pokemon` VALUES (669,"flabebe",669,1,1,0,722,1);
INSERT INTO `pokemon` VALUES (670,"floette",670,2,9,0,723,1);
INSERT INTO `pokemon` VALUES (671,"florges",671,11,100,0,724,1);
INSERT INTO `pokemon` VALUES (672,"skiddo",672,9,310,0,725,1);
INSERT INTO `pokemon` VALUES (673,"gogoat",673,17,910,0,726,1);
INSERT INTO `pokemon` VALUES (674,"pancham",674,6,80,0,727,1);
INSERT INTO `pokemon` VALUES (675,"pangoro",675,21,1360,0,728,1);
INSERT INTO `pokemon` VALUES (676,"furfrou",676,12,280,0,729,1);
INSERT INTO `pokemon` VALUES (677,"espurr",677,3,35,0,730,1);
INSERT INTO `pokemon` VALUES (678,"meowstic-male",678,6,85,0,731,1);
INSERT INTO `pokemon` VALUES (679,"honedge",679,8,20,0,733,1);
INSERT INTO `pokemon` VALUES (680,"doublade",680,8,45,0,734,1);
INSERT INTO `pokemon` VALUES (681,"aegislash-shield",681,17,530,0,735,1);
INSERT INTO `pokemon` VALUES (682,"spritzee",682,2,5,0,737,1);
INSERT INTO `pokemon` VALUES (683,"aromatisse",683,8,155,0,738,1);
INSERT INTO `pokemon` VALUES (684,"swirlix",684,4,35,0,739,1);
INSERT INTO `pokemon` VALUES (685,"slurpuff",685,8,50,0,740,1);
INSERT INTO `pokemon` VALUES (686,"inkay",686,4,35,0,741,1);
INSERT INTO `pokemon` VALUES (687,"malamar",687,15,470,0,742,1);
INSERT INTO `pokemon` VALUES (688,"binacle",688,5,310,0,743,1);
INSERT INTO `pokemon` VALUES (689,"barbaracle",689,13,960,0,744,1);
INSERT INTO `pokemon` VALUES (690,"skrelp",690,5,73,0,745,1);
INSERT INTO `pokemon` VALUES (691,"dragalge",691,18,815,0,746,1);
INSERT INTO `pokemon` VALUES (692,"clauncher",692,5,83,0,747,1);
INSERT INTO `pokemon` VALUES (693,"clawitzer",693,13,353,0,748,1);
INSERT INTO `pokemon` VALUES (694,"helioptile",694,5,60,0,749,1);
INSERT INTO `pokemon` VALUES (695,"heliolisk",695,10,210,0,750,1);
INSERT INTO `pokemon` VALUES (696,"tyrunt",696,8,260,0,751,1);
INSERT INTO `pokemon` VALUES (697,"tyrantrum",697,25,2700,0,752,1);
INSERT INTO `pokemon` VALUES (698,"amaura",698,13,252,0,753,1);
INSERT INTO `pokemon` VALUES (699,"aurorus",699,27,2250,0,754,1);
INSERT INTO `pokemon` VALUES (700,"sylveon",700,10,235,0,175,1);
INSERT INTO `pokemon` VALUES (701,"hawlucha",701,8,215,0,755,1);
INSERT INTO `pokemon` VALUES (702,"dedenne",702,2,22,0,756,1);
INSERT INTO `pokemon` VALUES (703,"carbink",703,3,57,0,757,1);
INSERT INTO `pokemon` VALUES (704,"goomy",704,3,28,0,758,1);
INSERT INTO `pokemon` VALUES (705,"sliggoo",705,8,175,0,759,1);
INSERT INTO `pokemon` VALUES (706,"goodra",706,20,1505,0,760,1);
INSERT INTO `pokemon` VALUES (707,"klefki",707,2,30,0,761,1);
INSERT INTO `pokemon` VALUES (708,"phantump",708,4,70,0,762,1);
INSERT INTO `pokemon` VALUES (709,"trevenant",709,15,710,0,763,1);
INSERT INTO `pokemon` VALUES (710,"pumpkaboo-average",710,4,50,0,765,1);
INSERT INTO `pokemon` VALUES (711,"gourgeist-average",711,9,125,0,769,1);
INSERT INTO `pokemon` VALUES (712,"bergmite",712,10,995,0,772,1);
INSERT INTO `pokemon` VALUES (713,"avalugg",713,20,5050,0,773,1);
INSERT INTO `pokemon` VALUES (714,"noibat",714,5,80,0,774,1);
INSERT INTO `pokemon` VALUES (715,"noivern",715,15,850,0,775,1);
INSERT INTO `pokemon` VALUES (716,"xerneas",716,30,2150,0,776,1);
INSERT INTO `pokemon` VALUES (717,"yveltal",717,58,2030,0,777,1);
INSERT INTO `pokemon` VALUES (718,"zygarde",718,50,3050,0,778,1);
INSERT INTO `pokemon` VALUES (10001,"deoxys-attack",386,17,608,270,445,0);
INSERT INTO `pokemon` VALUES (10002,"deoxys-defense",386,17,608,270,446,0);
INSERT INTO `pokemon` VALUES (10003,"deoxys-speed",386,17,608,270,447,0);
INSERT INTO `pokemon` VALUES (10004,"wormadam-sandy",413,5,65,148,473,0);
INSERT INTO `pokemon` VALUES (10005,"wormadam-trash",413,5,65,148,474,0);
INSERT INTO `pokemon` VALUES (10006,"shaymin-sky",492,4,52,270,536,0);
INSERT INTO `pokemon` VALUES (10007,"giratina-origin",487,69,6500,306,530,0);
INSERT INTO `pokemon` VALUES (10008,"rotom-heat",479,3,3,182,517,0);
INSERT INTO `pokemon` VALUES (10009,"rotom-wash",479,3,3,182,518,0);
INSERT INTO `pokemon` VALUES (10010,"rotom-frost",479,3,3,182,519,0);
INSERT INTO `pokemon` VALUES (10011,"rotom-fan",479,3,3,182,520,0);
INSERT INTO `pokemon` VALUES (10012,"rotom-mow",479,3,3,182,521,0);
INSERT INTO `pokemon` VALUES (10013,"castform-sunny",351,3,8,147,403,0);
INSERT INTO `pokemon` VALUES (10014,"castform-rainy",351,3,8,147,404,0);
INSERT INTO `pokemon` VALUES (10015,"castform-snowy",351,3,8,147,405,0);
INSERT INTO `pokemon` VALUES (10016,"basculin-blue-striped",550,10,180,161,595,0);
INSERT INTO `pokemon` VALUES (10017,"darmanitan-zen",555,13,929,189,601,0);
INSERT INTO `pokemon` VALUES (10018,"meloetta-pirouette",648,6,65,270,701,0);
INSERT INTO `pokemon` VALUES (10019,"tornadus-therian",641,14,630,261,688,0);
INSERT INTO `pokemon` VALUES (10020,"thundurus-therian",642,30,610,261,690,0);
INSERT INTO `pokemon` VALUES (10021,"landorus-therian",645,13,680,270,694,0);
INSERT INTO `pokemon` VALUES (10022,"kyurem-black",646,33,3250,315,696,0);
INSERT INTO `pokemon` VALUES (10023,"kyurem-white",646,36,3250,315,697,0);
INSERT INTO `pokemon` VALUES (10024,"keldeo-resolute",647,14,485,261,699,0);
INSERT INTO `pokemon` VALUES (10025,"meowstic-female",678,6,85,0,732,0);
INSERT INTO `pokemon` VALUES (10026,"aegislash-blade",681,17,530,0,736,0);
INSERT INTO `pokemon` VALUES (10027,"pumpkaboo-small",710,3,35,0,764,0);
INSERT INTO `pokemon` VALUES (10028,"pumpkaboo-large",710,5,75,0,766,0);
INSERT INTO `pokemon` VALUES (10029,"pumpkaboo-super",710,8,150,0,767,0);
INSERT INTO `pokemon` VALUES (10030,"gourgeist-small",711,7,95,0,768,0);
INSERT INTO `pokemon` VALUES (10031,"gourgeist-large",711,11,140,0,770,0);
INSERT INTO `pokemon` VALUES (10032,"gourgeist-super",711,17,390,0,771,0);
INSERT INTO `pokemon` VALUES (10033,"venusaur-mega",3,24,1555,0,4,0);
INSERT INTO `pokemon` VALUES (10034,"charizard-mega-x",6,17,1105,0,8,0);
INSERT INTO `pokemon` VALUES (10035,"charizard-mega-y",6,17,1005,0,9,0);
INSERT INTO `pokemon` VALUES (10036,"blastoise-mega",9,16,1011,0,13,0);
INSERT INTO `pokemon` VALUES (10037,"alakazam-mega",65,0,0,0,76,0);
INSERT INTO `pokemon` VALUES (10038,"gengar-mega",94,14,405,0,108,0);
INSERT INTO `pokemon` VALUES (10039,"kangaskhan-mega",115,22,1000,0,138,0);
INSERT INTO `pokemon` VALUES (10040,"pinsir-mega",127,0,0,0,160,0);
INSERT INTO `pokemon` VALUES (10041,"gyarados-mega",130,65,3050,0,164,0);
INSERT INTO `pokemon` VALUES (10042,"aerodactyl-mega",142,21,790,0,184,0);
INSERT INTO `pokemon` VALUES (10043,"mewtwo-mega-x",150,23,1270,0,194,0);
INSERT INTO `pokemon` VALUES (10044,"mewtwo-mega-y",150,15,330,0,195,0);
INSERT INTO `pokemon` VALUES (10045,"ampharos-mega",181,14,615,0,224,0);
INSERT INTO `pokemon` VALUES (10046,"scizor-mega",212,0,0,0,150,0);
INSERT INTO `pokemon` VALUES (10047,"heracross-mega",214,0,0,0,259,0);
INSERT INTO `pokemon` VALUES (10048,"houndoom-mega",229,0,0,0,278,0);
INSERT INTO `pokemon` VALUES (10049,"tyranitar-mega",248,25,2550,0,290,0);
INSERT INTO `pokemon` VALUES (10050,"blaziken-mega",257,19,520,0,300,0);
INSERT INTO `pokemon` VALUES (10051,"gardevoir-mega",282,16,484,0,326,0);
INSERT INTO `pokemon` VALUES (10052,"mawile-mega",303,10,235,0,349,0);
INSERT INTO `pokemon` VALUES (10053,"aggron-mega",306,22,3950,0,353,0);
INSERT INTO `pokemon` VALUES (10054,"medicham-mega",308,0,0,0,356,0);
INSERT INTO `pokemon` VALUES (10055,"manectric-mega",310,0,0,0,359,0);
INSERT INTO `pokemon` VALUES (10056,"banette-mega",354,0,0,0,409,0);
INSERT INTO `pokemon` VALUES (10057,"absol-mega",359,12,490,0,417,0);
INSERT INTO `pokemon` VALUES (10058,"garchomp-mega",445,19,950,0,500,0);
INSERT INTO `pokemon` VALUES (10059,"lucario-mega",448,13,575,0,503,0);
INSERT INTO `pokemon` VALUES (10060,"abomasnow-mega",460,0,0,0,515,0);

/* Table structure for pokemon_colors */
CREATE TABLE `pokemon_colors` (
  `id` int(11) NOT NULL,
  `identifier` varchar(100) NOT NULL,
  PRIMARY KEY (`id`)
) ENGINE=InnoDB DEFAULT CHARSET=utf8;

/* data for Table pokemon_colors */
INSERT INTO `pokemon_colors` VALUES (1,"black");
INSERT INTO `pokemon_colors` VALUES (2,"blue");
INSERT INTO `pokemon_colors` VALUES (3,"brown");
INSERT INTO `pokemon_colors` VALUES (4,"gray");
INSERT INTO `pokemon_colors` VALUES (5,"green");
INSERT INTO `pokemon_colors` VALUES (6,"pink");
INSERT INTO `pokemon_colors` VALUES (7,"purple");
INSERT INTO `pokemon_colors` VALUES (8,"red");
INSERT INTO `pokemon_colors` VALUES (9,"white");
INSERT INTO `pokemon_colors` VALUES (10,"yellow");

/* Table structure for pokemon_habitats */
CREATE TABLE `pokemon_habitats` (
  `id` int(11) NOT NULL,
  `identifier` varchar(16) NOT NULL,
  PRIMARY KEY (`id`)
) ENGINE=InnoDB DEFAULT CHARSET=utf8;

/* data for Table pokemon_habitats */
INSERT INTO `pokemon_habitats` VALUES (1,"cave");
INSERT INTO `pokemon_habitats` VALUES (2,"forest");
INSERT INTO `pokemon_habitats` VALUES (3,"grassland");
INSERT INTO `pokemon_habitats` VALUES (4,"mountain");
INSERT INTO `pokemon_habitats` VALUES (5,"rare");
INSERT INTO `pokemon_habitats` VALUES (6,"rough-terrain");
INSERT INTO `pokemon_habitats` VALUES (7,"sea");
INSERT INTO `pokemon_habitats` VALUES (8,"urban");
INSERT INTO `pokemon_habitats` VALUES (9,"waters-edge");

/* Table structure for pokemon_shapes */
CREATE TABLE `pokemon_shapes` (
  `id` int(11) NOT NULL,
  `identifier` varchar(24) NOT NULL,
  PRIMARY KEY (`id`)
) ENGINE=InnoDB DEFAULT CHARSET=utf8;

/* data for Table pokemon_shapes */
INSERT INTO `pokemon_shapes` VALUES (1,"ball");
INSERT INTO `pokemon_shapes` VALUES (2,"squiggle");
INSERT INTO `pokemon_shapes` VALUES (3,"fish");
INSERT INTO `pokemon_shapes` VALUES (4,"arms");
INSERT INTO `pokemon_shapes` VALUES (5,"blob");
INSERT INTO `pokemon_shapes` VALUES (6,"upright");
INSERT INTO `pokemon_shapes` VALUES (7,"legs");
INSERT INTO `pokemon_shapes` VALUES (8,"quadruped");
INSERT INTO `pokemon_shapes` VALUES (9,"wings");
INSERT INTO `pokemon_shapes` VALUES (10,"tentacles");
INSERT INTO `pokemon_shapes` VALUES (11,"heads");
INSERT INTO `pokemon_shapes` VALUES (12,"humanoid");
INSERT INTO `pokemon_shapes` VALUES (13,"bug-wings");
INSERT INTO `pokemon_shapes` VALUES (14,"armor");

/* Table structure for pokemon_species */
CREATE TABLE `pokemon_species` (
  `id` int(11) NOT NULL,
  `identifier` varchar(20) NOT NULL,
  `generation_id` int(11) DEFAULT NULL,
  `evolves_from_species_id` int(11) DEFAULT NULL,
  `evolution_chain_id` int(11) DEFAULT NULL,
  `color_id` int(11) NOT NULL,
  `shape_id` int(11) NOT NULL,
  `habitat_id` int(11) DEFAULT NULL,
  `gender_rate` int(11) NOT NULL,
  `capture_rate` int(11) NOT NULL,
  `base_happiness` int(11) NOT NULL,
  `is_baby` tinyint(1) NOT NULL,
  `hatch_counter` int(11) NOT NULL,
  `has_gender_differences` tinyint(1) NOT NULL,
  `growth_rate_id` int(11) NOT NULL,
  `forms_switchable` tinyint(1) NOT NULL,
  `order_` int(11) NOT NULL,
  `conquest_order` int(11) DEFAULT NULL,
  PRIMARY KEY (`id`),
  KEY `generation_id` (`generation_id`),
  KEY `evolution_chain_id` (`evolution_chain_id`),
  KEY `color_id` (`color_id`),
  KEY `shape_id` (`shape_id`),
  KEY `habitat_id` (`habitat_id`),
  KEY `growth_rate_id` (`growth_rate_id`),
  CONSTRAINT `pokemon_species_ibfk_1` FOREIGN KEY (`generation_id`) REFERENCES `generations` (`id`),
  CONSTRAINT `pokemon_species_ibfk_2` FOREIGN KEY (`evolution_chain_id`) REFERENCES `evolution_chains` (`id`),
  CONSTRAINT `pokemon_species_ibfk_3` FOREIGN KEY (`color_id`) REFERENCES `pokemon_colors` (`id`),
  CONSTRAINT `pokemon_species_ibfk_4` FOREIGN KEY (`shape_id`) REFERENCES `pokemon_shapes` (`id`),
  CONSTRAINT `pokemon_species_ibfk_5` FOREIGN KEY (`habitat_id`) REFERENCES `pokemon_habitats` (`id`),
  CONSTRAINT `pokemon_species_ibfk_6` FOREIGN KEY (`growth_rate_id`) REFERENCES `growth_rates` (`id`)
) ENGINE=InnoDB DEFAULT CHARSET=utf8;

/* data for Table pokemon_species */
INSERT INTO `pokemon_species` VALUES (1,"bulbasaur",1,NULL,1,5,8,3,1,45,70,0,20,0,4,0,1,NULL);
INSERT INTO `pokemon_species` VALUES (2,"ivysaur",1,1,1,5,8,3,1,45,70,0,20,0,4,0,2,NULL);
INSERT INTO `pokemon_species` VALUES (3,"venusaur",1,2,1,5,8,3,1,45,70,0,20,1,4,1,3,NULL);
INSERT INTO `pokemon_species` VALUES (4,"charmander",1,NULL,2,8,6,4,1,45,70,0,20,0,4,0,4,109);
INSERT INTO `pokemon_species` VALUES (5,"charmeleon",1,4,2,8,6,4,1,45,70,0,20,0,4,0,5,110);
INSERT INTO `pokemon_species` VALUES (6,"charizard",1,5,2,8,6,4,1,45,70,0,20,0,4,1,6,111);
INSERT INTO `pokemon_species` VALUES (7,"squirtle",1,NULL,3,2,6,9,1,45,70,0,20,0,4,0,7,NULL);
INSERT INTO `pokemon_species` VALUES (8,"wartortle",1,7,3,2,6,9,1,45,70,0,20,0,4,0,8,NULL);
INSERT INTO `pokemon_species` VALUES (9,"blastoise",1,8,3,2,6,9,1,45,70,0,20,0,4,1,9,NULL);
INSERT INTO `pokemon_species` VALUES (10,"caterpie",1,NULL,4,5,2,2,4,255,70,0,15,0,2,0,10,NULL);
INSERT INTO `pokemon_species` VALUES (11,"metapod",1,10,4,5,2,2,4,120,70,0,15,0,2,0,11,NULL);
INSERT INTO `pokemon_species` VALUES (12,"butterfree",1,11,4,9,13,2,4,45,70,0,15,1,2,0,12,NULL);
INSERT INTO `pokemon_species` VALUES (13,"weedle",1,NULL,5,3,2,2,4,255,70,0,15,0,2,0,13,NULL);
INSERT INTO `pokemon_species` VALUES (14,"kakuna",1,13,5,10,2,2,4,120,70,0,15,0,2,0,14,NULL);
INSERT INTO `pokemon_species` VALUES (15,"beedrill",1,14,5,10,13,2,4,45,70,0,15,0,2,0,15,177);
INSERT INTO `pokemon_species` VALUES (16,"pidgey",1,NULL,6,3,9,2,4,255,70,0,15,0,4,0,16,NULL);
INSERT INTO `pokemon_species` VALUES (17,"pidgeotto",1,16,6,3,9,2,4,120,70,0,15,0,4,0,17,NULL);
INSERT INTO `pokemon_species` VALUES (18,"pidgeot",1,17,6,3,9,2,4,45,70,0,15,0,4,0,18,NULL);
INSERT INTO `pokemon_species` VALUES (19,"rattata",1,NULL,7,7,8,3,4,255,70,0,15,1,2,0,19,NULL);
INSERT INTO `pokemon_species` VALUES (20,"raticate",1,19,7,3,8,3,4,127,70,0,15,1,2,0,20,NULL);
INSERT INTO `pokemon_species` VALUES (21,"spearow",1,NULL,8,3,9,6,4,255,70,0,15,0,2,0,21,NULL);
INSERT INTO `pokemon_species` VALUES (22,"fearow",1,21,8,3,9,6,4,90,70,0,15,0,2,0,22,NULL);
INSERT INTO `pokemon_species` VALUES (23,"ekans",1,NULL,9,7,2,3,4,255,70,0,20,0,2,0,23,54);
INSERT INTO `pokemon_species` VALUES (24,"arbok",1,23,9,7,2,3,4,90,70,0,20,0,2,0,24,55);
INSERT INTO `pokemon_species` VALUES (25,"pikachu",1,172,10,10,8,2,4,190,70,0,10,1,2,0,26,16);
INSERT INTO `pokemon_species` VALUES (26,"raichu",1,25,10,10,6,2,4,75,70,0,10,1,2,0,27,17);
INSERT INTO `pokemon_species` VALUES (27,"sandshrew",1,NULL,11,10,6,6,4,255,70,0,20,0,2,0,28,NULL);
INSERT INTO `pokemon_species` VALUES (28,"sandslash",1,27,11,10,6,6,4,90,70,0,20,0,2,0,29,NULL);
INSERT INTO `pokemon_species` VALUES (29,"nidoran-f",1,NULL,12,2,8,3,8,235,70,0,20,0,4,0,30,NULL);
INSERT INTO `pokemon_species` VALUES (30,"nidorina",1,29,12,2,8,3,8,120,70,0,20,0,4,0,31,NULL);
INSERT INTO `pokemon_species` VALUES (31,"nidoqueen",1,30,12,2,6,3,8,45,70,0,20,0,4,0,32,NULL);
INSERT INTO `pokemon_species` VALUES (32,"nidoran-m",1,NULL,13,7,8,3,0,235,70,0,20,0,4,0,33,NULL);
INSERT INTO `pokemon_species` VALUES (33,"nidorino",1,32,13,7,8,3,0,120,70,0,20,0,4,0,34,NULL);
INSERT INTO `pokemon_species` VALUES (34,"nidoking",1,33,13,7,6,3,0,45,70,0,20,0,4,0,35,NULL);
INSERT INTO `pokemon_species` VALUES (35,"clefairy",1,173,14,6,6,4,6,150,140,0,10,0,3,0,37,NULL);
INSERT INTO `pokemon_species` VALUES (36,"clefable",1,35,14,6,6,4,6,25,140,0,10,0,3,0,38,NULL);
INSERT INTO `pokemon_species` VALUES (37,"vulpix",1,NULL,15,3,8,3,6,190,70,0,20,0,2,0,39,NULL);
INSERT INTO `pokemon_species` VALUES (38,"ninetales",1,37,15,10,8,3,6,75,70,0,20,0,2,0,40,NULL);
INSERT INTO `pokemon_species` VALUES (39,"jigglypuff",1,174,16,6,12,3,6,170,70,0,10,0,3,0,42,21);
INSERT INTO `pokemon_species` VALUES (40,"wigglytuff",1,39,16,6,12,3,6,50,70,0,10,0,3,0,43,22);
INSERT INTO `pokemon_species` VALUES (41,"zubat",1,NULL,17,7,9,1,4,255,70,0,15,1,2,0,44,23);
INSERT INTO `pokemon_species` VALUES (42,"golbat",1,41,17,7,9,1,4,90,70,0,15,1,2,0,45,24);
INSERT INTO `pokemon_species` VALUES (43,"oddish",1,NULL,18,2,7,3,4,255,70,0,20,0,4,0,47,NULL);
INSERT INTO `pokemon_species` VALUES (44,"gloom",1,43,18,2,12,3,4,120,70,0,20,1,4,0,48,NULL);
INSERT INTO `pokemon_species` VALUES (45,"vileplume",1,44,18,8,12,3,4,45,70,0,20,1,4,0,49,NULL);
INSERT INTO `pokemon_species` VALUES (46,"paras",1,NULL,19,8,14,2,4,190,70,0,20,0,2,0,51,NULL);
INSERT INTO `pokemon_species` VALUES (47,"parasect",1,46,19,8,14,2,4,75,70,0,20,0,2,0,52,NULL);
INSERT INTO `pokemon_species` VALUES (48,"venonat",1,NULL,20,7,12,2,4,190,70,0,20,0,2,0,53,NULL);
INSERT INTO `pokemon_species` VALUES (49,"venomoth",1,48,20,7,13,2,4,75,70,0,20,0,2,0,54,NULL);
INSERT INTO `pokemon_species` VALUES (50,"diglett",1,NULL,21,3,5,1,4,255,70,0,20,0,2,0,55,NULL);
INSERT INTO `pokemon_species` VALUES (51,"dugtrio",1,50,21,3,11,1,4,50,70,0,20,0,2,0,56,NULL);
INSERT INTO `pokemon_species` VALUES (52,"meowth",1,NULL,22,10,8,8,4,255,70,0,20,0,2,0,57,58);
INSERT INTO `pokemon_species` VALUES (53,"persian",1,52,22,10,8,8,4,90,70,0,20,0,2,0,58,59);
INSERT INTO `pokemon_species` VALUES (54,"psyduck",1,NULL,23,10,6,9,4,190,70,0,20,0,2,0,59,NULL);
INSERT INTO `pokemon_species` VALUES (55,"golduck",1,54,23,2,6,9,4,75,70,0,20,0,2,0,60,NULL);
INSERT INTO `pokemon_species` VALUES (56,"mankey",1,NULL,24,3,6,4,4,190,70,0,20,0,2,0,61,NULL);
INSERT INTO `pokemon_species` VALUES (57,"primeape",1,56,24,3,6,4,4,75,70,0,20,0,2,0,62,NULL);
INSERT INTO `pokemon_species` VALUES (58,"growlithe",1,NULL,25,3,8,3,2,190,70,0,20,0,1,0,63,NULL);
INSERT INTO `pokemon_species` VALUES (59,"arcanine",1,58,25,3,8,3,2,75,70,0,20,0,1,0,64,NULL);
INSERT INTO `pokemon_species` VALUES (60,"poliwag",1,NULL,26,2,7,9,4,255,70,0,20,0,4,0,65,NULL);
INSERT INTO `pokemon_species` VALUES (61,"poliwhirl",1,60,26,2,12,9,4,120,70,0,20,0,4,0,66,NULL);
INSERT INTO `pokemon_species` VALUES (62,"poliwrath",1,61,26,2,12,9,4,45,70,0,20,0,4,0,67,NULL);
INSERT INTO `pokemon_species` VALUES (63,"abra",1,NULL,27,3,6,8,2,200,70,0,20,0,4,0,69,127);
INSERT INTO `pokemon_species` VALUES (64,"kadabra",1,63,27,3,6,8,2,100,70,0,20,1,4,0,70,128);
INSERT INTO `pokemon_species` VALUES (65,"alakazam",1,64,27,3,12,8,2,50,70,0,20,1,4,1,71,129);
INSERT INTO `pokemon_species` VALUES (66,"machop",1,NULL,28,4,6,4,2,180,70,0,20,0,4,0,72,98);
INSERT INTO `pokemon_species` VALUES (67,"machoke",1,66,28,4,12,4,2,90,70,0,20,0,4,0,73,99);
INSERT INTO `pokemon_species` VALUES (68,"machamp",1,67,28,4,12,4,2,45,70,0,20,0,4,0,74,100);
INSERT INTO `pokemon_species` VALUES (69,"bellsprout",1,NULL,29,5,12,2,4,255,70,0,20,0,4,0,75,NULL);
INSERT INTO `pokemon_species` VALUES (70,"weepinbell",1,69,29,5,5,2,4,120,70,0,20,0,4,0,76,NULL);
INSERT INTO `pokemon_species` VALUES (71,"victreebel",1,70,29,5,5,2,4,45,70,0,20,0,4,0,77,NULL);
INSERT INTO `pokemon_species` VALUES (72,"tentacool",1,NULL,30,2,10,7,4,190,70,0,20,0,1,0,78,NULL);
INSERT INTO `pokemon_species` VALUES (73,"tentacruel",1,72,30,2,10,7,4,60,70,0,20,0,1,0,79,NULL);
INSERT INTO `pokemon_species` VALUES (74,"geodude",1,NULL,31,3,4,4,4,255,70,0,15,0,4,0,80,NULL);
INSERT INTO `pokemon_species` VALUES (75,"graveler",1,74,31,3,12,4,4,120,70,0,15,0,4,0,81,NULL);
INSERT INTO `pokemon_species` VALUES (76,"golem",1,75,31,3,12,4,4,45,70,0,15,0,4,0,82,NULL);
INSERT INTO `pokemon_species` VALUES (77,"ponyta",1,NULL,32,10,8,3,4,190,70,0,20,0,2,0,83,NULL);
INSERT INTO `pokemon_species` VALUES (78,"rapidash",1,77,32,10,8,3,4,60,70,0,20,0,2,0,84,NULL);
INSERT INTO `pokemon_species` VALUES (79,"slowpoke",1,NULL,33,6,8,9,4,190,70,0,20,0,2,0,85,NULL);
INSERT INTO `pokemon_species` VALUES (80,"slowbro",1,79,33,6,6,9,4,75,70,0,20,0,2,0,86,NULL);
INSERT INTO `pokemon_species` VALUES (81,"magnemite",1,NULL,34,4,4,6,-1,190,70,0,20,0,2,0,88,NULL);
INSERT INTO `pokemon_species` VALUES (82,"magneton",1,81,34,4,11,6,-1,60,70,0,20,0,2,0,89,NULL);
INSERT INTO `pokemon_species` VALUES (83,"farfetchd",1,NULL,35,3,9,3,4,45,70,0,20,0,2,0,91,NULL);
INSERT INTO `pokemon_species` VALUES (84,"doduo",1,NULL,36,3,7,3,4,190,70,0,20,1,2,0,92,NULL);
INSERT INTO `pokemon_species` VALUES (85,"dodrio",1,84,36,3,7,3,4,45,70,0,20,1,2,0,93,NULL);
INSERT INTO `pokemon_species` VALUES (86,"seel",1,NULL,37,9,3,7,4,190,70,0,20,0,2,0,94,NULL);
INSERT INTO `pokemon_species` VALUES (87,"dewgong",1,86,37,9,3,7,4,75,70,0,20,0,2,0,95,NULL);
INSERT INTO `pokemon_species` VALUES (88,"grimer",1,NULL,38,7,4,8,4,190,70,0,20,0,2,0,96,NULL);
INSERT INTO `pokemon_species` VALUES (89,"muk",1,88,38,7,4,8,4,75,70,0,20,0,2,0,97,NULL);
INSERT INTO `pokemon_species` VALUES (90,"shellder",1,NULL,39,7,1,7,4,190,70,0,20,0,1,0,98,NULL);
INSERT INTO `pokemon_species` VALUES (91,"cloyster",1,90,39,7,1,7,4,60,70,0,20,0,1,0,99,NULL);
INSERT INTO `pokemon_species` VALUES (92,"gastly",1,NULL,40,7,1,1,4,190,70,0,20,0,4,0,100,112);
INSERT INTO `pokemon_species` VALUES (93,"haunter",1,92,40,7,4,1,4,90,70,0,20,0,4,0,101,113);
INSERT INTO `pokemon_species` VALUES (94,"gengar",1,93,40,7,6,1,4,45,70,0,20,0,4,1,102,114);
INSERT INTO `pokemon_species` VALUES (95,"onix",1,NULL,41,4,2,1,4,45,70,0,25,0,2,0,103,175);
INSERT INTO `pokemon_species` VALUES (96,"drowzee",1,NULL,42,10,12,3,4,190,70,0,20,0,2,0,105,NULL);
INSERT INTO `pokemon_species` VALUES (97,"hypno",1,96,42,10,12,3,4,75,70,0,20,1,2,0,106,NULL);
INSERT INTO `pokemon_species` VALUES (98,"krabby",1,NULL,43,8,14,9,4,225,70,0,20,0,2,0,107,NULL);
INSERT INTO `pokemon_species` VALUES (99,"kingler",1,98,43,8,14,9,4,60,70,0,20,0,2,0,108,NULL);
INSERT INTO `pokemon_species` VALUES (100,"voltorb",1,NULL,44,8,1,8,-1,190,70,0,20,0,2,0,109,NULL);
INSERT INTO `pokemon_species` VALUES (101,"electrode",1,100,44,8,1,8,-1,60,70,0,20,0,2,0,110,NULL);
INSERT INTO `pokemon_species` VALUES (102,"exeggcute",1,NULL,45,6,11,2,4,90,70,0,20,0,1,0,111,NULL);
INSERT INTO `pokemon_species` VALUES (103,"exeggutor",1,102,45,10,7,2,4,45,70,0,20,0,1,0,112,NULL);
INSERT INTO `pokemon_species` VALUES (104,"cubone",1,NULL,46,3,6,4,4,190,70,0,20,0,2,0,113,NULL);
INSERT INTO `pokemon_species` VALUES (105,"marowak",1,104,46,3,6,4,4,75,70,0,20,0,2,0,114,NULL);
INSERT INTO `pokemon_species` VALUES (106,"hitmonlee",1,236,47,3,12,8,0,45,70,0,25,0,2,0,116,NULL);
INSERT INTO `pokemon_species` VALUES (107,"hitmonchan",1,236,47,3,12,8,0,45,70,0,25,0,2,0,117,NULL);
INSERT INTO `pokemon_species` VALUES (108,"lickitung",1,NULL,48,6,6,3,4,45,70,0,20,0,2,0,119,NULL);
INSERT INTO `pokemon_species` VALUES (109,"koffing",1,NULL,49,7,1,8,4,190,70,0,20,0,2,0,121,NULL);
INSERT INTO `pokemon_species` VALUES (110,"weezing",1,109,49,7,11,8,4,60,70,0,20,0,2,0,122,NULL);
INSERT INTO `pokemon_species` VALUES (111,"rhyhorn",1,NULL,50,4,8,6,4,120,70,0,20,1,1,0,123,160);
INSERT INTO `pokemon_species` VALUES (112,"rhydon",1,111,50,4,6,6,4,60,70,0,20,1,1,0,124,161);
INSERT INTO `pokemon_species` VALUES (113,"chansey",1,440,51,6,6,8,8,30,140,0,40,0,3,0,127,NULL);
INSERT INTO `pokemon_species` VALUES (114,"tangela",1,NULL,52,2,7,3,4,45,70,0,20,0,2,0,129,NULL);
INSERT INTO `pokemon_species` VALUES (115,"kangaskhan",1,NULL,53,3,6,3,8,45,70,0,20,0,2,1,131,NULL);
INSERT INTO `pokemon_species` VALUES (116,"horsea",1,NULL,54,2,5,7,4,225,70,0,20,0,2,0,132,NULL);
INSERT INTO `pokemon_species` VALUES (117,"seadra",1,116,54,2,5,7,4,75,70,0,20,0,2,0,133,NULL);
INSERT INTO `pokemon_species` VALUES (118,"goldeen",1,NULL,55,8,3,9,4,225,70,0,20,1,2,0,135,NULL);
INSERT INTO `pokemon_species` VALUES (119,"seaking",1,118,55,8,3,9,4,60,70,0,20,1,2,0,136,NULL);
INSERT INTO `pokemon_species` VALUES (120,"staryu",1,NULL,56,3,5,7,-1,225,70,0,20,0,1,0,137,NULL);
INSERT INTO `pokemon_species` VALUES (121,"starmie",1,120,56,7,5,7,-1,60,70,0,20,0,1,0,138,NULL);
INSERT INTO `pokemon_species` VALUES (122,"mr-mime",1,439,57,6,12,8,4,45,70,0,25,0,2,0,140,NULL);
INSERT INTO `pokemon_species` VALUES (123,"scyther",1,NULL,58,5,13,3,4,45,70,0,25,1,2,0,141,188);
INSERT INTO `pokemon_species` VALUES (124,"jynx",1,238,59,8,12,8,8,45,70,0,25,0,2,0,144,NULL);
INSERT INTO `pokemon_species` VALUES (125,"electabuzz",1,239,60,10,6,3,2,45,70,0,25,0,2,0,146,NULL);
INSERT INTO `pokemon_species` VALUES (126,"magmar",1,240,61,8,6,4,2,45,70,0,25,0,2,0,149,NULL);
INSERT INTO `pokemon_species` VALUES (127,"pinsir",1,NULL,62,3,12,2,4,45,70,0,25,0,1,1,151,NULL);
INSERT INTO `pokemon_species` VALUES (128,"tauros",1,NULL,63,3,8,3,0,45,70,0,20,0,1,0,152,NULL);
INSERT INTO `pokemon_species` VALUES (129,"magikarp",1,NULL,64,8,3,9,4,255,70,0,5,1,1,0,153,13);
INSERT INTO `pokemon_species` VALUES (130,"gyarados",1,129,64,2,2,9,4,45,70,0,5,1,1,1,154,14);
INSERT INTO `pokemon_species` VALUES (131,"lapras",1,NULL,65,2,3,7,4,45,70,0,40,0,1,0,155,190);
INSERT INTO `pokemon_species` VALUES (132,"ditto",1,NULL,66,7,1,8,-1,35,70,0,20,0,2,0,156,NULL);
INSERT INTO `pokemon_species` VALUES (133,"eevee",1,NULL,67,3,8,8,1,45,70,0,35,0,2,0,157,1);
INSERT INTO `pokemon_species` VALUES (134,"vaporeon",1,133,67,2,8,8,1,45,70,0,35,0,2,0,158,2);
INSERT INTO `pokemon_species` VALUES (135,"jolteon",1,133,67,10,8,8,1,45,70,0,35,0,2,0,159,3);
INSERT INTO `pokemon_species` VALUES (136,"flareon",1,133,67,8,8,8,1,45,70,0,35,0,2,0,160,4);
INSERT INTO `pokemon_species` VALUES (137,"porygon",1,NULL,68,6,7,8,-1,45,70,0,20,0,2,0,166,NULL);
INSERT INTO `pokemon_species` VALUES (138,"omanyte",1,NULL,69,2,10,7,1,45,70,0,30,0,2,0,169,NULL);
INSERT INTO `pokemon_species` VALUES (139,"omastar",1,138,69,2,10,7,1,45,70,0,30,0,2,0,170,NULL);
INSERT INTO `pokemon_species` VALUES (140,"kabuto",1,NULL,70,3,14,7,1,45,70,0,30,0,2,0,171,NULL);
INSERT INTO `pokemon_species` VALUES (141,"kabutops",1,140,70,3,6,7,1,45,70,0,30,0,2,0,172,NULL);
INSERT INTO `pokemon_species` VALUES (142,"aerodactyl",1,NULL,71,7,9,4,1,45,70,0,35,0,1,1,173,NULL);
INSERT INTO `pokemon_species` VALUES (143,"snorlax",1,446,72,1,12,4,1,25,70,0,40,0,1,0,175,179);
INSERT INTO `pokemon_species` VALUES (144,"articuno",1,NULL,73,2,9,5,-1,3,35,0,80,0,1,0,176,192);
INSERT INTO `pokemon_species` VALUES (145,"zapdos",1,NULL,74,10,9,5,-1,3,35,0,80,0,1,0,177,NULL);
INSERT INTO `pokemon_species` VALUES (146,"moltres",1,NULL,75,10,9,5,-1,3,35,0,80,0,1,0,178,NULL);
INSERT INTO `pokemon_species` VALUES (147,"dratini",1,NULL,76,2,2,9,4,45,35,0,40,0,1,0,179,76);
INSERT INTO `pokemon_species` VALUES (148,"dragonair",1,147,76,2,2,9,4,45,35,0,40,0,1,0,180,77);
INSERT INTO `pokemon_species` VALUES (149,"dragonite",1,148,76,3,6,9,4,45,35,0,40,0,1,0,181,78);
INSERT INTO `pokemon_species` VALUES (150,"mewtwo",1,NULL,77,7,6,5,-1,3,0,0,120,0,1,1,182,196);
INSERT INTO `pokemon_species` VALUES (151,"mew",1,NULL,78,6,6,5,-1,45,100,0,120,0,4,0,183,NULL);
INSERT INTO `pokemon_species` VALUES (152,"chikorita",2,NULL,79,5,8,3,1,45,70,0,20,0,4,0,184,NULL);
INSERT INTO `pokemon_species` VALUES (153,"bayleef",2,152,79,5,8,3,1,45,70,0,20,0,4,0,185,NULL);
INSERT INTO `pokemon_species` VALUES (154,"meganium",2,153,79,5,8,3,1,45,70,0,20,1,4,0,186,NULL);
INSERT INTO `pokemon_species` VALUES (155,"cyndaquil",2,NULL,80,10,12,3,1,45,70,0,20,0,4,0,187,NULL);
INSERT INTO `pokemon_species` VALUES (156,"quilava",2,155,80,10,8,3,1,45,70,0,20,0,4,0,188,NULL);
INSERT INTO `pokemon_species` VALUES (157,"typhlosion",2,156,80,10,8,3,1,45,70,0,20,0,4,0,189,NULL);
INSERT INTO `pokemon_species` VALUES (158,"totodile",2,NULL,81,2,6,9,1,45,70,0,20,0,4,0,190,NULL);
INSERT INTO `pokemon_species` VALUES (159,"croconaw",2,158,81,2,6,9,1,45,70,0,20,0,4,0,191,NULL);
INSERT INTO `pokemon_species` VALUES (160,"feraligatr",2,159,81,2,6,9,1,45,70,0,20,0,4,0,192,NULL);
INSERT INTO `pokemon_species` VALUES (161,"sentret",2,NULL,82,3,8,3,4,255,70,0,15,0,2,0,193,NULL);
INSERT INTO `pokemon_species` VALUES (162,"furret",2,161,82,3,8,3,4,90,70,0,15,0,2,0,194,NULL);
INSERT INTO `pokemon_species` VALUES (163,"hoothoot",2,NULL,83,3,9,2,4,255,70,0,15,0,2,0,195,NULL);
INSERT INTO `pokemon_species` VALUES (164,"noctowl",2,163,83,3,9,2,4,90,70,0,15,0,2,0,196,NULL);
INSERT INTO `pokemon_species` VALUES (165,"ledyba",2,NULL,84,8,9,2,4,255,70,0,15,1,3,0,197,NULL);
INSERT INTO `pokemon_species` VALUES (166,"ledian",2,165,84,8,9,2,4,90,70,0,15,1,3,0,198,NULL);
INSERT INTO `pokemon_species` VALUES (167,"spinarak",2,NULL,85,5,14,2,4,255,70,0,15,0,3,0,199,NULL);
INSERT INTO `pokemon_species` VALUES (168,"ariados",2,167,85,8,14,2,4,90,70,0,15,0,3,0,200,NULL);
INSERT INTO `pokemon_species` VALUES (169,"crobat",2,42,17,7,13,1,4,90,70,0,15,0,2,0,46,25);
INSERT INTO `pokemon_species` VALUES (170,"chinchou",2,NULL,86,2,3,7,4,190,70,0,20,0,1,0,201,NULL);
INSERT INTO `pokemon_species` VALUES (171,"lanturn",2,170,86,2,3,7,4,75,70,0,20,0,1,0,202,NULL);
INSERT INTO `pokemon_species` VALUES (172,"pichu",2,NULL,10,10,8,2,4,190,70,1,10,0,2,0,25,15);
INSERT INTO `pokemon_species` VALUES (173,"cleffa",2,NULL,14,6,6,4,6,150,140,1,10,0,3,0,36,NULL);
INSERT INTO `pokemon_species` VALUES (174,"igglybuff",2,NULL,16,6,12,3,6,170,70,1,10,0,3,0,41,20);
INSERT INTO `pokemon_species` VALUES (175,"togepi",2,NULL,87,9,12,2,1,190,70,1,10,0,3,0,203,NULL);
INSERT INTO `pokemon_species` VALUES (176,"togetic",2,175,87,9,12,2,1,75,70,0,10,0,3,0,204,NULL);
INSERT INTO `pokemon_species` VALUES (177,"natu",2,NULL,88,5,9,2,4,190,70,0,20,0,2,0,206,NULL);
INSERT INTO `pokemon_species` VALUES (178,"xatu",2,177,88,5,9,2,4,75,70,0,20,1,2,0,207,NULL);
INSERT INTO `pokemon_species` VALUES (179,"mareep",2,NULL,89,9,8,3,4,235,70,0,20,0,4,0,208,45);
INSERT INTO `pokemon_species` VALUES (180,"flaaffy",2,179,89,6,6,3,4,120,70,0,20,0,4,0,209,46);
INSERT INTO `pokemon_species` VALUES (181,"ampharos",2,180,89,10,6,3,4,45,70,0,20,0,4,1,210,47);
INSERT INTO `pokemon_species` VALUES (182,"bellossom",2,44,18,5,12,3,4,45,70,0,20,0,4,0,50,NULL);
INSERT INTO `pokemon_species` VALUES (183,"marill",2,298,90,2,6,9,4,190,70,0,10,0,3,0,212,NULL);
INSERT INTO `pokemon_species` VALUES (184,"azumarill",2,183,90,2,6,9,4,75,70,0,10,0,3,0,213,NULL);
INSERT INTO `pokemon_species` VALUES (185,"sudowoodo",2,438,91,3,12,2,4,65,70,0,20,1,2,0,215,NULL);
INSERT INTO `pokemon_species` VALUES (186,"politoed",2,61,26,5,12,9,4,45,70,0,20,1,4,0,68,NULL);
INSERT INTO `pokemon_species` VALUES (187,"hoppip",2,NULL,92,6,6,3,4,255,70,0,20,0,4,0,216,NULL);
INSERT INTO `pokemon_species` VALUES (188,"skiploom",2,187,92,5,6,3,4,120,70,0,20,0,4,0,217,NULL);
INSERT INTO `pokemon_species` VALUES (189,"jumpluff",2,188,92,2,6,3,4,45,70,0,20,0,4,0,218,NULL);
INSERT INTO `pokemon_species` VALUES (190,"aipom",2,NULL,93,7,6,2,4,45,70,0,20,1,3,0,219,NULL);
INSERT INTO `pokemon_species` VALUES (191,"sunkern",2,NULL,94,10,1,3,4,235,70,0,20,0,4,0,221,NULL);
INSERT INTO `pokemon_species` VALUES (192,"sunflora",2,191,94,10,12,3,4,120,70,0,20,0,4,0,222,NULL);
INSERT INTO `pokemon_species` VALUES (193,"yanma",2,NULL,95,8,13,2,4,75,70,0,20,0,2,0,223,NULL);
INSERT INTO `pokemon_species` VALUES (194,"wooper",2,NULL,96,2,7,9,4,255,70,0,20,1,2,0,225,18);
INSERT INTO `pokemon_species` VALUES (195,"quagsire",2,194,96,2,6,9,4,90,70,0,20,1,2,0,226,19);
INSERT INTO `pokemon_species` VALUES (196,"espeon",2,133,67,7,8,8,1,45,70,0,35,0,2,0,161,5);
INSERT INTO `pokemon_species` VALUES (197,"umbreon",2,133,67,1,8,8,1,45,35,0,35,0,2,0,162,6);
INSERT INTO `pokemon_species` VALUES (198,"murkrow",2,NULL,97,1,9,2,4,30,35,0,20,1,4,0,227,NULL);
INSERT INTO `pokemon_species` VALUES (199,"slowking",2,79,33,6,6,9,4,70,70,0,20,0,2,0,87,NULL);
INSERT INTO `pokemon_species` VALUES (200,"misdreavus",2,NULL,98,4,1,1,4,45,35,0,25,0,3,0,229,183);
INSERT INTO `pokemon_species` VALUES (201,"unown",2,NULL,99,1,1,5,-1,225,70,0,40,0,2,0,231,NULL);
INSERT INTO `pokemon_species` VALUES (202,"wobbuffet",2,360,100,2,5,1,4,45,70,0,20,1,2,0,233,NULL);
INSERT INTO `pokemon_species` VALUES (203,"girafarig",2,NULL,101,10,8,3,4,60,70,0,20,1,2,0,234,NULL);
INSERT INTO `pokemon_species` VALUES (204,"pineco",2,NULL,102,4,1,2,4,190,70,0,20,0,2,0,235,56);
INSERT INTO `pokemon_species` VALUES (205,"forretress",2,204,102,7,1,2,4,75,70,0,20,0,2,0,236,57);
INSERT INTO `pokemon_species` VALUES (206,"dunsparce",2,NULL,103,10,2,1,4,190,70,0,20,0,2,0,237,NULL);
INSERT INTO `pokemon_species` VALUES (207,"gligar",2,NULL,104,7,9,4,4,60,70,0,20,1,4,0,238,NULL);
INSERT INTO `pokemon_species` VALUES (208,"steelix",2,95,41,4,2,1,4,25,70,0,25,1,2,0,104,176);
INSERT INTO `pokemon_species` VALUES (209,"snubbull",2,NULL,105,6,12,8,6,190,70,0,20,0,3,0,240,NULL);
INSERT INTO `pokemon_species` VALUES (210,"granbull",2,209,105,7,6,8,6,75,70,0,20,0,3,0,241,NULL);
INSERT INTO `pokemon_species` VALUES (211,"qwilfish",2,NULL,106,4,3,7,4,45,70,0,20,0,2,0,242,NULL);
INSERT INTO `pokemon_species` VALUES (212,"scizor",2,123,58,8,13,3,4,25,70,0,25,1,2,1,142,189);
INSERT INTO `pokemon_species` VALUES (213,"shuckle",2,NULL,107,10,14,4,4,190,70,0,20,0,4,0,243,NULL);
INSERT INTO `pokemon_species` VALUES (214,"heracross",2,NULL,108,2,12,2,4,45,70,0,25,1,1,1,244,NULL);
INSERT INTO `pokemon_species` VALUES (215,"sneasel",2,NULL,109,1,6,2,4,60,35,0,20,1,4,0,245,181);
INSERT INTO `pokemon_species` VALUES (216,"teddiursa",2,NULL,110,3,6,4,4,120,70,0,20,0,2,0,247,NULL);
INSERT INTO `pokemon_species` VALUES (217,"ursaring",2,216,110,3,6,4,4,60,70,0,20,1,2,0,248,NULL);
INSERT INTO `pokemon_species` VALUES (218,"slugma",2,NULL,111,8,2,4,4,190,70,0,20,0,2,0,249,NULL);
INSERT INTO `pokemon_species` VALUES (219,"magcargo",2,218,111,8,2,4,4,75,70,0,20,0,2,0,250,NULL);
INSERT INTO `pokemon_species` VALUES (220,"swinub",2,NULL,112,3,8,1,4,225,70,0,20,0,1,0,251,NULL);
INSERT INTO `pokemon_species` VALUES (221,"piloswine",2,220,112,3,8,1,4,75,70,0,20,1,1,0,252,NULL);
INSERT INTO `pokemon_species` VALUES (222,"corsola",2,NULL,113,6,14,7,6,60,70,0,20,0,3,0,254,NULL);
INSERT INTO `pokemon_species` VALUES (223,"remoraid",2,NULL,114,4,3,7,4,190,70,0,20,0,2,0,255,NULL);
INSERT INTO `pokemon_species` VALUES (224,"octillery",2,223,114,8,10,7,4,75,70,0,20,1,2,0,256,NULL);
INSERT INTO `pokemon_species` VALUES (225,"delibird",2,NULL,115,8,9,4,4,45,70,0,20,0,3,0,257,NULL);
INSERT INTO `pokemon_species` VALUES (226,"mantine",2,458,116,7,9,7,4,25,70,0,25,0,1,0,259,NULL);
INSERT INTO `pokemon_species` VALUES (227,"skarmory",2,NULL,117,4,9,6,4,25,70,0,25,0,1,0,260,NULL);
INSERT INTO `pokemon_species` VALUES (228,"houndour",2,NULL,118,1,8,6,4,120,35,0,20,0,1,0,261,NULL);
INSERT INTO `pokemon_species` VALUES (229,"houndoom",2,228,118,1,8,6,4,45,35,0,20,1,1,1,262,NULL);
INSERT INTO `pokemon_species` VALUES (230,"kingdra",2,117,54,2,5,7,4,45,70,0,20,0,2,0,134,NULL);
INSERT INTO `pokemon_species` VALUES (231,"phanpy",2,NULL,119,2,8,6,4,120,70,0,20,0,2,0,263,NULL);
INSERT INTO `pokemon_species` VALUES (232,"donphan",2,231,119,4,8,6,4,60,70,0,20,1,2,0,264,NULL);
INSERT INTO `pokemon_species` VALUES (233,"porygon2",2,137,68,8,7,8,-1,45,70,0,20,0,2,0,167,NULL);
INSERT INTO `pokemon_species` VALUES (234,"stantler",2,NULL,120,3,8,2,4,45,70,0,20,0,1,0,265,NULL);
INSERT INTO `pokemon_species` VALUES (235,"smeargle",2,NULL,121,9,6,8,4,45,70,0,20,0,3,0,266,NULL);
INSERT INTO `pokemon_species` VALUES (236,"tyrogue",2,NULL,47,7,12,8,0,75,70,1,25,0,2,0,115,NULL);
INSERT INTO `pokemon_species` VALUES (237,"hitmontop",2,236,47,3,6,8,0,45,70,0,25,0,2,0,118,NULL);
INSERT INTO `pokemon_species` VALUES (238,"smoochum",2,NULL,59,6,12,8,8,45,70,1,25,0,2,0,143,NULL);
INSERT INTO `pokemon_species` VALUES (239,"elekid",2,NULL,60,10,12,3,2,45,70,1,25,0,2,0,145,NULL);
INSERT INTO `pokemon_species` VALUES (240,"magby",2,NULL,61,8,6,4,2,45,70,1,25,0,2,0,148,NULL);
INSERT INTO `pokemon_species` VALUES (241,"miltank",2,NULL,122,6,6,3,8,45,70,0,20,0,1,0,267,NULL);
INSERT INTO `pokemon_species` VALUES (242,"blissey",2,113,51,6,12,8,8,30,140,0,40,0,3,0,128,NULL);
INSERT INTO `pokemon_species` VALUES (243,"raikou",2,NULL,123,10,8,3,-1,3,35,0,80,0,1,0,268,NULL);
INSERT INTO `pokemon_species` VALUES (244,"entei",2,NULL,124,3,8,3,-1,3,35,0,80,0,1,0,269,NULL);
INSERT INTO `pokemon_species` VALUES (245,"suicune",2,NULL,125,2,8,3,-1,3,35,0,80,0,1,0,270,NULL);
INSERT INTO `pokemon_species` VALUES (246,"larvitar",2,NULL,126,5,6,4,4,45,35,0,40,0,1,0,271,79);
INSERT INTO `pokemon_species` VALUES (247,"pupitar",2,246,126,4,2,4,4,45,35,0,40,0,1,0,272,80);
INSERT INTO `pokemon_species` VALUES (248,"tyranitar",2,247,126,5,6,4,4,45,35,0,40,0,1,1,273,81);
INSERT INTO `pokemon_species` VALUES (249,"lugia",2,NULL,127,9,9,5,-1,3,0,0,120,0,1,0,274,NULL);
INSERT INTO `pokemon_species` VALUES (250,"ho-oh",2,NULL,128,8,9,5,-1,3,0,0,120,0,1,0,275,NULL);
INSERT INTO `pokemon_species` VALUES (251,"celebi",2,NULL,129,5,12,2,-1,45,100,0,120,0,4,0,276,NULL);
INSERT INTO `pokemon_species` VALUES (252,"treecko",3,NULL,130,5,6,2,1,45,70,0,20,0,4,0,277,130);
INSERT INTO `pokemon_species` VALUES (253,"grovyle",3,252,130,5,6,2,1,45,70,0,20,0,4,0,278,131);
INSERT INTO `pokemon_species` VALUES (254,"sceptile",3,253,130,5,6,2,1,45,70,0,20,0,4,0,279,132);
INSERT INTO `pokemon_species` VALUES (255,"torchic",3,NULL,131,8,7,3,1,45,70,0,20,1,4,0,280,NULL);
INSERT INTO `pokemon_species` VALUES (256,"combusken",3,255,131,8,6,3,1,45,70,0,20,1,4,0,281,NULL);
INSERT INTO `pokemon_species` VALUES (257,"blaziken",3,256,131,8,6,3,1,45,70,0,20,1,4,1,282,NULL);
INSERT INTO `pokemon_species` VALUES (258,"mudkip",3,NULL,132,2,8,9,1,45,70,0,20,0,4,0,283,NULL);
INSERT INTO `pokemon_species` VALUES (259,"marshtomp",3,258,132,2,6,9,1,45,70,0,20,0,4,0,284,NULL);
INSERT INTO `pokemon_species` VALUES (260,"swampert",3,259,132,2,6,9,1,45,70,0,20,0,4,0,285,NULL);
INSERT INTO `pokemon_species` VALUES (261,"poochyena",3,NULL,133,4,8,3,4,255,70,0,15,0,2,0,286,NULL);
INSERT INTO `pokemon_species` VALUES (262,"mightyena",3,261,133,4,8,3,4,127,70,0,15,0,2,0,287,NULL);
INSERT INTO `pokemon_species` VALUES (263,"zigzagoon",3,NULL,134,3,8,3,4,255,70,0,15,0,2,0,288,NULL);
INSERT INTO `pokemon_species` VALUES (264,"linoone",3,263,134,9,8,3,4,90,70,0,15,0,2,0,289,NULL);
INSERT INTO `pokemon_species` VALUES (265,"wurmple",3,NULL,135,8,2,2,4,255,70,0,15,0,2,0,290,NULL);
INSERT INTO `pokemon_species` VALUES (266,"silcoon",3,265,135,9,1,2,4,120,70,0,15,0,2,0,291,NULL);
INSERT INTO `pokemon_species` VALUES (267,"beautifly",3,266,135,10,13,2,4,45,70,0,15,1,2,0,292,NULL);
INSERT INTO `pokemon_species` VALUES (268,"cascoon",3,265,135,7,1,2,4,120,70,0,15,0,2,0,293,NULL);
INSERT INTO `pokemon_species` VALUES (269,"dustox",3,268,135,5,13,2,4,45,70,0,15,1,2,0,294,NULL);
INSERT INTO `pokemon_species` VALUES (270,"lotad",3,NULL,136,5,14,9,4,255,70,0,15,0,4,0,295,NULL);
INSERT INTO `pokemon_species` VALUES (271,"lombre",3,270,136,5,12,9,4,120,70,0,15,0,4,0,296,NULL);
INSERT INTO `pokemon_species` VALUES (272,"ludicolo",3,271,136,5,12,9,4,45,70,0,15,1,4,0,297,NULL);
INSERT INTO `pokemon_species` VALUES (273,"seedot",3,NULL,137,3,7,2,4,255,70,0,15,0,4,0,298,NULL);
INSERT INTO `pokemon_species` VALUES (274,"nuzleaf",3,273,137,3,12,2,4,120,70,0,15,1,4,0,299,NULL);
INSERT INTO `pokemon_species` VALUES (275,"shiftry",3,274,137,3,12,2,4,45,70,0,15,1,4,0,300,NULL);
INSERT INTO `pokemon_species` VALUES (276,"taillow",3,NULL,138,2,9,3,4,200,70,0,15,0,4,0,301,NULL);
INSERT INTO `pokemon_species` VALUES (277,"swellow",3,276,138,2,9,3,4,45,70,0,15,0,4,0,302,NULL);
INSERT INTO `pokemon_species` VALUES (278,"wingull",3,NULL,139,9,9,7,4,190,70,0,20,0,2,0,303,NULL);
INSERT INTO `pokemon_species` VALUES (279,"pelipper",3,278,139,10,9,7,4,45,70,0,20,0,2,0,304,NULL);
INSERT INTO `pokemon_species` VALUES (280,"ralts",3,NULL,140,9,12,8,4,235,35,0,20,0,1,0,305,9);
INSERT INTO `pokemon_species` VALUES (281,"kirlia",3,280,140,9,12,8,4,120,35,0,20,0,1,0,306,10);
INSERT INTO `pokemon_species` VALUES (282,"gardevoir",3,281,140,9,12,8,4,45,35,0,20,0,1,1,307,11);
INSERT INTO `pokemon_species` VALUES (283,"surskit",3,NULL,141,2,14,9,4,200,70,0,15,0,2,0,309,NULL);
INSERT INTO `pokemon_species` VALUES (284,"masquerain",3,283,141,2,13,9,4,75,70,0,15,0,2,0,310,NULL);
INSERT INTO `pokemon_species` VALUES (285,"shroomish",3,NULL,142,3,7,2,4,255,70,0,15,0,6,0,311,NULL);
INSERT INTO `pokemon_species` VALUES (286,"breloom",3,285,142,5,6,2,4,90,70,0,15,0,6,0,312,NULL);
INSERT INTO `pokemon_species` VALUES (287,"slakoth",3,NULL,143,3,8,2,4,255,70,0,15,0,1,0,313,NULL);
INSERT INTO `pokemon_species` VALUES (288,"vigoroth",3,287,143,9,6,2,4,120,70,0,15,0,1,0,314,NULL);
INSERT INTO `pokemon_species` VALUES (289,"slaking",3,288,143,3,12,2,4,45,70,0,15,0,1,0,315,NULL);
INSERT INTO `pokemon_species` VALUES (290,"nincada",3,NULL,144,4,14,2,4,255,70,0,15,0,5,0,316,NULL);
INSERT INTO `pokemon_species` VALUES (291,"ninjask",3,290,144,10,13,2,4,120,70,0,15,0,5,0,317,NULL);
INSERT INTO `pokemon_species` VALUES (292,"shedinja",3,290,144,3,5,2,-1,45,70,0,15,0,5,0,318,NULL);
INSERT INTO `pokemon_species` VALUES (293,"whismur",3,NULL,145,6,6,1,4,190,70,0,20,0,4,0,319,NULL);
INSERT INTO `pokemon_species` VALUES (294,"loudred",3,293,145,2,6,1,4,120,70,0,20,0,4,0,320,NULL);
INSERT INTO `pokemon_species` VALUES (295,"exploud",3,294,145,2,6,1,4,45,70,0,20,0,4,0,321,NULL);
INSERT INTO `pokemon_species` VALUES (296,"makuhita",3,NULL,146,10,12,4,2,180,70,0,20,0,6,0,322,NULL);
INSERT INTO `pokemon_species` VALUES (297,"hariyama",3,296,146,3,12,4,2,200,70,0,20,0,6,0,323,NULL);
INSERT INTO `pokemon_species` VALUES (298,"azurill",3,NULL,90,2,7,9,6,150,70,1,10,0,3,0,211,NULL);
INSERT INTO `pokemon_species` VALUES (299,"nosepass",3,NULL,147,4,12,1,4,255,70,0,20,0,2,0,324,NULL);
INSERT INTO `pokemon_species` VALUES (300,"skitty",3,NULL,148,6,8,2,6,255,70,0,15,0,3,0,326,NULL);
INSERT INTO `pokemon_species` VALUES (301,"delcatty",3,300,148,7,8,2,6,60,70,0,15,0,3,0,327,NULL);
INSERT INTO `pokemon_species` VALUES (302,"sableye",3,NULL,149,7,12,1,4,45,35,0,25,0,4,0,328,NULL);
INSERT INTO `pokemon_species` VALUES (303,"mawile",3,NULL,150,1,12,1,4,45,70,0,20,0,3,1,329,NULL);
INSERT INTO `pokemon_species` VALUES (304,"aron",3,NULL,151,4,8,4,4,180,35,0,35,0,1,0,330,149);
INSERT INTO `pokemon_species` VALUES (305,"lairon",3,304,151,4,8,4,4,90,35,0,35,0,1,0,331,150);
INSERT INTO `pokemon_species` VALUES (306,"aggron",3,305,151,4,6,4,4,45,35,0,35,0,1,1,332,151);
INSERT INTO `pokemon_species` VALUES (307,"meditite",3,NULL,152,2,12,4,4,180,70,0,20,1,2,0,333,NULL);
INSERT INTO `pokemon_species` VALUES (308,"medicham",3,307,152,8,12,4,4,90,70,0,20,1,2,1,334,NULL);
INSERT INTO `pokemon_species` VALUES (309,"electrike",3,NULL,153,5,8,3,4,120,70,0,20,0,1,0,335,NULL);
INSERT INTO `pokemon_species` VALUES (310,"manectric",3,309,153,10,8,3,4,45,70,0,20,0,1,1,336,NULL);
INSERT INTO `pokemon_species` VALUES (311,"plusle",3,NULL,154,10,6,3,4,200,70,0,20,0,2,0,337,NULL);
INSERT INTO `pokemon_species` VALUES (312,"minun",3,NULL,155,10,6,3,4,200,70,0,20,0,2,0,338,NULL);
INSERT INTO `pokemon_species` VALUES (313,"volbeat",3,NULL,156,4,6,2,0,150,70,0,15,0,5,0,339,NULL);
INSERT INTO `pokemon_species` VALUES (314,"illumise",3,NULL,157,7,12,2,8,150,70,0,15,0,6,0,340,NULL);
INSERT INTO `pokemon_species` VALUES (315,"roselia",3,406,158,5,12,3,4,150,70,0,20,1,4,0,342,NULL);
INSERT INTO `pokemon_species` VALUES (316,"gulpin",3,NULL,159,5,4,3,4,225,70,0,20,1,6,0,344,NULL);
INSERT INTO `pokemon_species` VALUES (317,"swalot",3,316,159,7,4,3,4,75,70,0,20,1,6,0,345,NULL);
INSERT INTO `pokemon_species` VALUES (318,"carvanha",3,NULL,160,8,3,7,4,225,35,0,20,0,1,0,346,NULL);
INSERT INTO `pokemon_species` VALUES (319,"sharpedo",3,318,160,2,3,7,4,60,35,0,20,0,1,0,347,NULL);
INSERT INTO `pokemon_species` VALUES (320,"wailmer",3,NULL,161,2,3,7,4,125,70,0,40,0,6,0,348,NULL);
INSERT INTO `pokemon_species` VALUES (321,"wailord",3,320,161,2,3,7,4,60,70,0,40,0,6,0,349,NULL);
INSERT INTO `pokemon_species` VALUES (322,"numel",3,NULL,162,10,8,4,4,255,70,0,20,1,2,0,350,NULL);
INSERT INTO `pokemon_species` VALUES (323,"camerupt",3,322,162,8,8,4,4,150,70,0,20,1,2,0,351,NULL);
INSERT INTO `pokemon_species` VALUES (324,"torkoal",3,NULL,163,3,8,4,4,90,70,0,20,0,2,0,352,NULL);
INSERT INTO `pokemon_species` VALUES (325,"spoink",3,NULL,164,1,4,4,4,255,70,0,20,0,3,0,353,NULL);
INSERT INTO `pokemon_species` VALUES (326,"grumpig",3,325,164,7,6,4,4,60,70,0,20,0,3,0,354,NULL);
INSERT INTO `pokemon_species` VALUES (327,"spinda",3,NULL,165,3,6,4,4,255,70,0,15,0,3,0,355,NULL);
INSERT INTO `pokemon_species` VALUES (328,"trapinch",3,NULL,166,3,14,6,4,255,70,0,20,0,4,0,356,NULL);
INSERT INTO `pokemon_species` VALUES (329,"vibrava",3,328,166,5,13,6,4,120,70,0,20,0,4,0,357,NULL);
INSERT INTO `pokemon_species` VALUES (330,"flygon",3,329,166,5,9,6,4,45,70,0,20,0,4,0,358,NULL);
INSERT INTO `pokemon_species` VALUES (331,"cacnea",3,NULL,167,5,12,6,4,190,35,0,20,0,4,0,359,NULL);
INSERT INTO `pokemon_species` VALUES (332,"cacturne",3,331,167,5,12,6,4,60,35,0,20,1,4,0,360,NULL);
INSERT INTO `pokemon_species` VALUES (333,"swablu",3,NULL,168,2,9,2,4,255,70,0,20,0,5,0,361,NULL);
INSERT INTO `pokemon_species` VALUES (334,"altaria",3,333,168,2,9,2,4,45,70,0,20,0,5,0,362,NULL);
INSERT INTO `pokemon_species` VALUES (335,"zangoose",3,NULL,169,9,6,3,4,90,70,0,20,0,5,0,363,NULL);
INSERT INTO `pokemon_species` VALUES (336,"seviper",3,NULL,170,1,2,3,4,90,70,0,20,0,6,0,364,NULL);
INSERT INTO `pokemon_species` VALUES (337,"lunatone",3,NULL,171,10,1,1,-1,45,70,0,25,0,3,0,365,NULL);
INSERT INTO `pokemon_species` VALUES (338,"solrock",3,NULL,172,8,1,1,-1,45,70,0,25,0,3,0,366,NULL);
INSERT INTO `pokemon_species` VALUES (339,"barboach",3,NULL,173,4,3,9,4,190,70,0,20,0,2,0,367,NULL);
INSERT INTO `pokemon_species` VALUES (340,"whiscash",3,339,173,2,3,9,4,75,70,0,20,0,2,0,368,NULL);
INSERT INTO `pokemon_species` VALUES (341,"corphish",3,NULL,174,8,14,9,4,205,70,0,15,0,6,0,369,NULL);
INSERT INTO `pokemon_species` VALUES (342,"crawdaunt",3,341,174,8,14,9,4,155,70,0,15,0,6,0,370,NULL);
INSERT INTO `pokemon_species` VALUES (343,"baltoy",3,NULL,175,3,4,6,-1,255,70,0,20,0,2,0,371,NULL);
INSERT INTO `pokemon_species` VALUES (344,"claydol",3,343,175,1,4,6,-1,90,70,0,20,0,2,0,372,NULL);
INSERT INTO `pokemon_species` VALUES (345,"lileep",3,NULL,176,7,5,7,1,45,70,0,30,0,5,0,373,NULL);
INSERT INTO `pokemon_species` VALUES (346,"cradily",3,345,176,5,5,7,1,45,70,0,30,0,5,0,374,NULL);
INSERT INTO `pokemon_species` VALUES (347,"anorith",3,NULL,177,4,14,9,1,45,70,0,30,0,5,0,375,171);
INSERT INTO `pokemon_species` VALUES (348,"armaldo",3,347,177,4,6,9,1,45,70,0,30,0,5,0,376,172);
INSERT INTO `pokemon_species` VALUES (349,"feebas",3,NULL,178,3,3,9,4,255,70,0,20,0,5,0,377,NULL);
INSERT INTO `pokemon_species` VALUES (350,"milotic",3,349,178,6,2,9,4,60,70,0,20,1,5,0,378,NULL);
INSERT INTO `pokemon_species` VALUES (351,"castform",3,NULL,179,9,1,3,4,45,70,0,25,0,2,1,379,NULL);
INSERT INTO `pokemon_species` VALUES (352,"kecleon",3,NULL,180,5,6,2,4,200,70,0,20,0,4,0,380,NULL);
INSERT INTO `pokemon_species` VALUES (353,"shuppet",3,NULL,181,1,1,8,4,225,35,0,25,0,3,0,381,NULL);
INSERT INTO `pokemon_species` VALUES (354,"banette",3,353,181,1,6,8,4,45,35,0,25,0,3,1,382,NULL);
INSERT INTO `pokemon_species` VALUES (355,"duskull",3,NULL,182,1,4,2,4,190,35,0,25,0,3,0,383,69);
INSERT INTO `pokemon_species` VALUES (356,"dusclops",3,355,182,1,12,2,4,90,35,0,25,0,3,0,384,70);
INSERT INTO `pokemon_species` VALUES (357,"tropius",3,NULL,183,5,8,2,4,200,70,0,25,0,1,0,386,NULL);
INSERT INTO `pokemon_species` VALUES (358,"chimecho",3,433,184,2,4,3,4,45,70,0,25,0,3,0,388,53);
INSERT INTO `pokemon_species` VALUES (359,"absol",3,NULL,185,9,8,4,4,30,35,0,25,0,4,1,389,NULL);
INSERT INTO `pokemon_species` VALUES (360,"wynaut",3,NULL,100,2,6,1,4,125,70,1,20,0,2,0,232,NULL);
INSERT INTO `pokemon_species` VALUES (361,"snorunt",3,NULL,186,4,12,1,4,190,70,0,20,0,2,0,390,93);
INSERT INTO `pokemon_species` VALUES (362,"glalie",3,361,186,4,1,1,4,75,70,0,20,0,2,0,391,94);
INSERT INTO `pokemon_species` VALUES (363,"spheal",3,NULL,187,2,3,7,4,255,70,0,20,0,4,0,393,60);
INSERT INTO `pokemon_species` VALUES (364,"sealeo",3,363,187,2,3,7,4,120,70,0,20,0,4,0,394,61);
INSERT INTO `pokemon_species` VALUES (365,"walrein",3,364,187,2,8,7,4,45,70,0,20,0,4,0,395,62);
INSERT INTO `pokemon_species` VALUES (366,"clamperl",3,NULL,188,2,1,7,4,255,70,0,20,0,5,0,396,NULL);
INSERT INTO `pokemon_species` VALUES (367,"huntail",3,366,188,2,2,7,4,60,70,0,20,0,5,0,397,NULL);
INSERT INTO `pokemon_species` VALUES (368,"gorebyss",3,366,188,6,2,7,4,60,70,0,20,0,5,0,398,NULL);
INSERT INTO `pokemon_species` VALUES (369,"relicanth",3,NULL,189,4,3,7,1,25,70,0,40,1,1,0,399,NULL);
INSERT INTO `pokemon_species` VALUES (370,"luvdisc",3,NULL,190,6,3,7,6,225,70,0,20,0,3,0,400,NULL);
INSERT INTO `pokemon_species` VALUES (371,"bagon",3,NULL,191,2,12,6,4,45,35,0,40,0,1,0,401,NULL);
INSERT INTO `pokemon_species` VALUES (372,"shelgon",3,371,191,9,8,6,4,45,35,0,40,0,1,0,402,NULL);
INSERT INTO `pokemon_species` VALUES (373,"salamence",3,372,191,2,8,6,4,45,35,0,40,0,1,0,403,NULL);
INSERT INTO `pokemon_species` VALUES (374,"beldum",3,NULL,192,2,5,6,-1,3,35,0,40,0,1,0,404,82);
INSERT INTO `pokemon_species` VALUES (375,"metang",3,374,192,2,4,6,-1,3,35,0,40,0,1,0,405,83);
INSERT INTO `pokemon_species` VALUES (376,"metagross",3,375,192,2,11,6,-1,3,35,0,40,0,1,0,406,84);
INSERT INTO `pokemon_species` VALUES (377,"regirock",3,NULL,193,3,12,1,-1,3,35,0,80,0,1,0,407,NULL);
INSERT INTO `pokemon_species` VALUES (378,"regice",3,NULL,194,2,12,1,-1,3,35,0,80,0,1,0,408,NULL);
INSERT INTO `pokemon_species` VALUES (379,"registeel",3,NULL,195,4,12,1,-1,3,35,0,80,0,1,0,409,193);
INSERT INTO `pokemon_species` VALUES (380,"latias",3,NULL,196,8,9,9,8,3,90,0,120,0,1,0,410,NULL);
INSERT INTO `pokemon_species` VALUES (381,"latios",3,NULL,197,2,9,9,0,3,90,0,120,0,1,0,411,NULL);
INSERT INTO `pokemon_species` VALUES (382,"kyogre",3,NULL,198,2,3,7,-1,5,0,0,120,0,1,0,412,NULL);
INSERT INTO `pokemon_species` VALUES (383,"groudon",3,NULL,199,8,6,6,-1,5,0,0,120,0,1,0,413,194);
INSERT INTO `pokemon_species` VALUES (384,"rayquaza",3,NULL,200,5,2,5,-1,3,0,0,120,0,1,0,414,200);
INSERT INTO `pokemon_species` VALUES (385,"jirachi",3,NULL,201,10,12,4,-1,3,100,0,120,0,1,0,415,NULL);
INSERT INTO `pokemon_species` VALUES (386,"deoxys",3,NULL,202,8,12,5,-1,3,0,0,120,0,1,1,416,NULL);
INSERT INTO `pokemon_species` VALUES (387,"turtwig",4,NULL,203,5,8,NULL,1,45,70,0,20,0,4,0,417,NULL);
INSERT INTO `pokemon_species` VALUES (388,"grotle",4,387,203,5,8,NULL,1,45,70,0,20,0,4,0,418,NULL);
INSERT INTO `pokemon_species` VALUES (389,"torterra",4,388,203,5,8,NULL,1,45,70,0,20,0,4,0,419,NULL);
INSERT INTO `pokemon_species` VALUES (390,"chimchar",4,NULL,204,3,6,NULL,1,45,70,0,20,0,4,0,420,115);
INSERT INTO `pokemon_species` VALUES (391,"monferno",4,390,204,3,6,NULL,1,45,70,0,20,0,4,0,421,116);
INSERT INTO `pokemon_species` VALUES (392,"infernape",4,391,204,3,6,NULL,1,45,70,0,20,0,4,0,422,117);
INSERT INTO `pokemon_species` VALUES (393,"piplup",4,NULL,205,2,12,NULL,1,45,70,0,20,0,4,0,423,133);
INSERT INTO `pokemon_species` VALUES (394,"prinplup",4,393,205,2,6,NULL,1,45,70,0,20,0,4,0,424,134);
INSERT INTO `pokemon_species` VALUES (395,"empoleon",4,394,205,2,6,NULL,1,45,70,0,20,0,4,0,425,135);
INSERT INTO `pokemon_species` VALUES (396,"starly",4,NULL,206,3,9,NULL,4,255,70,0,15,1,4,0,426,26);
INSERT INTO `pokemon_species` VALUES (397,"staravia",4,396,206,3,9,NULL,4,120,70,0,15,1,4,0,427,27);
INSERT INTO `pokemon_species` VALUES (398,"staraptor",4,397,206,3,9,NULL,4,45,70,0,15,1,4,0,428,28);
INSERT INTO `pokemon_species` VALUES (399,"bidoof",4,NULL,207,3,8,NULL,4,255,70,0,15,1,2,0,429,29);
INSERT INTO `pokemon_species` VALUES (400,"bibarel",4,399,207,3,6,NULL,4,127,70,0,15,1,2,0,430,30);
INSERT INTO `pokemon_species` VALUES (401,"kricketot",4,NULL,208,8,12,NULL,4,255,70,0,15,1,4,0,431,NULL);
INSERT INTO `pokemon_species` VALUES (402,"kricketune",4,401,208,8,13,NULL,4,45,70,0,15,1,4,0,432,NULL);
INSERT INTO `pokemon_species` VALUES (403,"shinx",4,NULL,209,2,8,NULL,4,235,70,0,20,1,4,0,433,34);
INSERT INTO `pokemon_species` VALUES (404,"luxio",4,403,209,2,8,NULL,4,120,100,0,20,1,4,0,434,35);
INSERT INTO `pokemon_species` VALUES (405,"luxray",4,404,209,2,8,NULL,4,45,70,0,20,1,4,0,435,36);
INSERT INTO `pokemon_species` VALUES (406,"budew",4,NULL,158,5,12,NULL,4,255,70,1,20,0,4,0,341,NULL);
INSERT INTO `pokemon_species` VALUES (407,"roserade",4,315,158,5,12,NULL,4,75,70,0,20,1,4,0,343,NULL);
INSERT INTO `pokemon_species` VALUES (408,"cranidos",4,NULL,211,2,6,NULL,1,45,70,0,30,0,5,0,436,NULL);
INSERT INTO `pokemon_species` VALUES (409,"rampardos",4,408,211,2,6,NULL,1,45,70,0,30,0,5,0,437,NULL);
INSERT INTO `pokemon_species` VALUES (410,"shieldon",4,NULL,212,4,8,NULL,1,45,70,0,30,0,5,0,438,163);
INSERT INTO `pokemon_species` VALUES (411,"bastiodon",4,410,212,4,8,NULL,1,45,70,0,30,0,5,0,439,164);
INSERT INTO `pokemon_species` VALUES (412,"burmy",4,NULL,213,4,2,NULL,4,120,70,0,15,0,2,1,440,NULL);
INSERT INTO `pokemon_species` VALUES (413,"wormadam",4,412,213,4,2,NULL,8,45,70,0,15,0,2,0,441,NULL);
INSERT INTO `pokemon_species` VALUES (414,"mothim",4,412,213,10,13,NULL,0,45,70,0,15,0,2,0,442,NULL);
INSERT INTO `pokemon_species` VALUES (415,"combee",4,NULL,214,10,11,NULL,1,120,70,0,15,1,4,0,443,NULL);
INSERT INTO `pokemon_species` VALUES (416,"vespiquen",4,415,214,10,9,NULL,8,45,70,0,15,0,4,0,444,NULL);
INSERT INTO `pokemon_species` VALUES (417,"pachirisu",4,NULL,215,9,8,NULL,4,200,100,0,10,1,2,0,445,NULL);
INSERT INTO `pokemon_species` VALUES (418,"buizel",4,NULL,216,3,8,NULL,4,190,70,0,20,1,2,0,446,NULL);
INSERT INTO `pokemon_species` VALUES (419,"floatzel",4,418,216,3,8,NULL,4,75,70,0,20,1,2,0,447,NULL);
INSERT INTO `pokemon_species` VALUES (420,"cherubi",4,NULL,217,6,11,NULL,4,190,70,0,20,0,2,0,448,NULL);
INSERT INTO `pokemon_species` VALUES (421,"cherrim",4,420,217,6,7,NULL,4,75,70,0,20,0,2,1,449,NULL);
INSERT INTO `pokemon_species` VALUES (422,"shellos",4,NULL,218,7,14,NULL,4,190,70,0,20,0,2,0,450,NULL);
INSERT INTO `pokemon_species` VALUES (423,"gastrodon",4,422,218,7,14,NULL,4,75,70,0,20,0,2,0,451,NULL);
INSERT INTO `pokemon_species` VALUES (424,"ambipom",4,190,93,7,6,NULL,4,45,100,0,20,1,3,0,220,NULL);
INSERT INTO `pokemon_species` VALUES (425,"drifloon",4,NULL,219,7,4,NULL,4,125,70,0,30,0,6,0,452,167);
INSERT INTO `pokemon_species` VALUES (426,"drifblim",4,425,219,7,4,NULL,4,60,70,0,30,0,6,0,453,168);
INSERT INTO `pokemon_species` VALUES (427,"buneary",4,NULL,220,3,6,NULL,4,190,0,0,20,0,2,0,454,NULL);
INSERT INTO `pokemon_species` VALUES (428,"lopunny",4,427,220,3,6,NULL,4,60,140,0,20,0,2,0,455,NULL);
INSERT INTO `pokemon_species` VALUES (429,"mismagius",4,200,98,7,1,NULL,4,45,35,0,25,0,3,0,230,184);
INSERT INTO `pokemon_species` VALUES (430,"honchkrow",4,198,97,1,9,NULL,4,30,35,0,20,0,4,0,228,NULL);
INSERT INTO `pokemon_species` VALUES (431,"glameow",4,NULL,221,4,8,NULL,6,190,70,0,20,0,3,0,456,NULL);
INSERT INTO `pokemon_species` VALUES (432,"purugly",4,431,221,4,8,NULL,6,75,70,0,20,0,3,0,457,NULL);
INSERT INTO `pokemon_species` VALUES (433,"chingling",4,NULL,184,10,12,NULL,4,120,70,1,25,0,3,0,387,52);
INSERT INTO `pokemon_species` VALUES (434,"stunky",4,NULL,223,7,8,NULL,4,225,70,0,20,0,2,0,458,NULL);
INSERT INTO `pokemon_species` VALUES (435,"skuntank",4,434,223,7,8,NULL,4,60,70,0,20,0,2,0,459,NULL);
INSERT INTO `pokemon_species` VALUES (436,"bronzor",4,NULL,224,5,1,NULL,-1,255,70,0,20,0,2,0,460,NULL);
INSERT INTO `pokemon_species` VALUES (437,"bronzong",4,436,224,5,4,NULL,-1,90,70,0,20,0,2,0,461,NULL);
INSERT INTO `pokemon_species` VALUES (438,"bonsly",4,NULL,91,3,7,NULL,4,255,70,1,20,0,2,0,214,NULL);
INSERT INTO `pokemon_species` VALUES (439,"mime-jr",4,NULL,57,6,12,NULL,4,145,70,1,25,0,2,0,139,NULL);
INSERT INTO `pokemon_species` VALUES (440,"happiny",4,NULL,51,6,12,NULL,8,130,140,1,40,0,3,0,126,NULL);
INSERT INTO `pokemon_species` VALUES (441,"chatot",4,NULL,228,1,9,NULL,4,30,35,0,20,0,4,0,462,NULL);
INSERT INTO `pokemon_species` VALUES (442,"spiritomb",4,NULL,229,7,5,NULL,4,100,70,0,30,0,2,0,463,187);
INSERT INTO `pokemon_species` VALUES (443,"gible",4,NULL,230,2,6,NULL,4,45,70,0,40,1,1,0,464,85);
INSERT INTO `pokemon_species` VALUES (444,"gabite",4,443,230,2,6,NULL,4,45,70,0,40,1,1,0,465,86);
INSERT INTO `pokemon_species` VALUES (445,"garchomp",4,444,230,2,6,NULL,4,45,70,0,40,1,1,1,466,87);
INSERT INTO `pokemon_species` VALUES (446,"munchlax",4,NULL,72,1,12,NULL,1,50,70,1,40,0,1,0,174,178);
INSERT INTO `pokemon_species` VALUES (447,"riolu",4,NULL,232,2,6,NULL,1,75,70,1,25,0,4,0,467,50);
INSERT INTO `pokemon_species` VALUES (448,"lucario",4,447,232,2,6,NULL,1,45,70,0,25,0,4,1,468,51);
INSERT INTO `pokemon_species` VALUES (449,"hippopotas",4,NULL,233,3,8,NULL,4,140,70,0,30,1,1,0,469,NULL);
INSERT INTO `pokemon_species` VALUES (450,"hippowdon",4,449,233,3,8,NULL,4,60,70,0,30,1,1,0,470,NULL);
INSERT INTO `pokemon_species` VALUES (451,"skorupi",4,NULL,234,7,14,NULL,4,120,70,0,20,0,1,0,471,156);
INSERT INTO `pokemon_species` VALUES (452,"drapion",4,451,234,7,14,NULL,4,45,70,0,20,0,1,0,472,157);
INSERT INTO `pokemon_species` VALUES (453,"croagunk",4,NULL,235,2,12,NULL,4,140,100,0,10,1,2,0,473,88);
INSERT INTO `pokemon_species` VALUES (454,"toxicroak",4,453,235,2,12,NULL,4,75,70,0,20,1,2,0,474,89);
INSERT INTO `pokemon_species` VALUES (455,"carnivine",4,NULL,236,5,10,NULL,4,200,70,0,25,0,1,0,475,186);
INSERT INTO `pokemon_species` VALUES (456,"finneon",4,NULL,237,2,3,NULL,4,190,70,0,20,1,5,0,476,NULL);
INSERT INTO `pokemon_species` VALUES (457,"lumineon",4,456,237,2,3,NULL,4,75,70,0,20,1,5,0,477,NULL);
INSERT INTO `pokemon_species` VALUES (458,"mantyke",4,NULL,116,2,9,NULL,4,25,70,1,25,0,1,0,258,NULL);
INSERT INTO `pokemon_species` VALUES (459,"snover",4,NULL,239,9,6,NULL,4,120,70,0,20,1,1,0,478,NULL);
INSERT INTO `pokemon_species` VALUES (460,"abomasnow",4,459,239,9,6,NULL,4,60,70,0,20,1,1,1,479,NULL);
INSERT INTO `pokemon_species` VALUES (461,"weavile",4,215,109,1,6,NULL,4,45,35,0,20,1,4,0,246,182);
INSERT INTO `pokemon_species` VALUES (462,"magnezone",4,82,34,4,4,NULL,-1,30,70,0,20,0,2,0,90,NULL);
INSERT INTO `pokemon_species` VALUES (463,"lickilicky",4,108,48,6,12,NULL,4,30,70,0,20,0,2,0,120,NULL);
INSERT INTO `pokemon_species` VALUES (464,"rhyperior",4,112,50,4,6,NULL,4,30,70,0,20,1,1,0,125,162);
INSERT INTO `pokemon_species` VALUES (465,"tangrowth",4,114,52,2,12,NULL,4,30,70,0,20,1,2,0,130,NULL);
INSERT INTO `pokemon_species` VALUES (466,"electivire",4,125,60,10,6,NULL,2,30,70,0,25,0,2,0,147,NULL);
INSERT INTO `pokemon_species` VALUES (467,"magmortar",4,126,61,8,6,NULL,2,30,70,0,25,0,2,0,150,NULL);
INSERT INTO `pokemon_species` VALUES (468,"togekiss",4,176,87,9,9,NULL,1,30,70,0,10,0,3,0,205,NULL);
INSERT INTO `pokemon_species` VALUES (469,"yanmega",4,193,95,5,13,NULL,4,30,70,0,20,0,2,0,224,NULL);
INSERT INTO `pokemon_species` VALUES (470,"leafeon",4,133,67,5,8,NULL,1,45,35,0,35,0,2,0,163,7);
INSERT INTO `pokemon_species` VALUES (471,"glaceon",4,133,67,2,8,NULL,1,45,35,0,35,0,2,0,164,8);
INSERT INTO `pokemon_species` VALUES (472,"gliscor",4,207,104,7,9,NULL,4,30,70,0,20,0,4,0,239,NULL);
INSERT INTO `pokemon_species` VALUES (473,"mamoswine",4,221,112,3,8,NULL,4,50,70,0,20,1,1,0,253,NULL);
INSERT INTO `pokemon_species` VALUES (474,"porygon-z",4,233,68,8,4,NULL,-1,30,70,0,20,0,2,0,168,NULL);
INSERT INTO `pokemon_species` VALUES (475,"gallade",4,281,140,9,12,NULL,0,45,35,0,20,0,1,0,308,12);
INSERT INTO `pokemon_species` VALUES (476,"probopass",4,299,147,4,11,NULL,4,60,70,0,20,0,2,0,325,NULL);
INSERT INTO `pokemon_species` VALUES (477,"dusknoir",4,356,182,1,4,NULL,4,45,35,0,25,0,3,0,385,71);
INSERT INTO `pokemon_species` VALUES (478,"froslass",4,361,186,9,4,NULL,8,75,70,0,20,0,2,0,392,95);
INSERT INTO `pokemon_species` VALUES (479,"rotom",4,NULL,240,8,1,NULL,-1,45,70,0,20,0,2,1,480,NULL);
INSERT INTO `pokemon_species` VALUES (480,"uxie",4,NULL,241,10,6,NULL,-1,3,140,0,80,0,1,0,481,NULL);
INSERT INTO `pokemon_species` VALUES (481,"mesprit",4,NULL,242,6,6,NULL,-1,3,140,0,80,0,1,0,482,NULL);
INSERT INTO `pokemon_species` VALUES (482,"azelf",4,NULL,243,2,6,NULL,-1,3,140,0,80,0,1,0,483,NULL);
INSERT INTO `pokemon_species` VALUES (483,"dialga",4,NULL,244,9,8,NULL,-1,30,0,0,120,0,1,0,484,195);
INSERT INTO `pokemon_species` VALUES (484,"palkia",4,NULL,245,7,6,NULL,-1,30,0,0,120,0,1,0,485,NULL);
INSERT INTO `pokemon_species` VALUES (485,"heatran",4,NULL,246,3,8,NULL,4,3,100,0,10,0,1,0,486,NULL);
INSERT INTO `pokemon_species` VALUES (486,"regigigas",4,NULL,247,9,12,NULL,-1,3,0,0,120,0,1,0,487,NULL);
INSERT INTO `pokemon_species` VALUES (487,"giratina",4,NULL,248,1,10,NULL,-1,3,0,0,120,0,1,1,488,NULL);
INSERT INTO `pokemon_species` VALUES (488,"cresselia",4,NULL,249,10,14,NULL,8,3,100,0,120,0,1,0,489,NULL);
INSERT INTO `pokemon_species` VALUES (489,"phione",4,NULL,250,2,4,NULL,-1,30,70,0,40,0,1,0,490,NULL);
INSERT INTO `pokemon_species` VALUES (490,"manaphy",4,NULL,250,2,12,NULL,-1,3,70,0,10,0,1,0,491,NULL);
INSERT INTO `pokemon_species` VALUES (491,"darkrai",4,NULL,252,1,12,NULL,-1,3,0,0,120,0,1,0,492,NULL);
INSERT INTO `pokemon_species` VALUES (492,"shaymin",4,NULL,253,5,8,NULL,-1,45,100,0,120,0,4,1,493,NULL);
INSERT INTO `pokemon_species` VALUES (493,"arceus",4,NULL,254,4,8,NULL,-1,3,0,0,120,0,1,1,494,199);
INSERT INTO `pokemon_species` VALUES (494,"victini",5,NULL,255,10,12,NULL,-1,3,100,0,120,0,1,0,495,NULL);
INSERT INTO `pokemon_species` VALUES (495,"snivy",5,NULL,256,5,6,NULL,1,45,70,0,20,0,4,0,496,118);
INSERT INTO `pokemon_species` VALUES (496,"servine",5,495,256,5,6,NULL,1,45,70,0,20,0,4,0,497,119);
INSERT INTO `pokemon_species` VALUES (497,"serperior",5,496,256,5,2,NULL,1,45,70,0,20,0,4,0,498,120);
INSERT INTO `pokemon_species` VALUES (498,"tepig",5,NULL,257,8,8,NULL,1,45,70,0,20,0,4,0,499,121);
INSERT INTO `pokemon_species` VALUES (499,"pignite",5,498,257,8,6,NULL,1,45,70,0,20,0,4,0,500,122);
INSERT INTO `pokemon_species` VALUES (500,"emboar",5,499,257,8,6,NULL,1,45,70,0,20,0,4,0,501,123);
INSERT INTO `pokemon_species` VALUES (501,"oshawott",5,NULL,258,2,6,NULL,1,45,70,0,20,0,4,0,502,106);
INSERT INTO `pokemon_species` VALUES (502,"dewott",5,501,258,2,6,NULL,1,45,70,0,20,0,4,0,503,107);
INSERT INTO `pokemon_species` VALUES (503,"samurott",5,502,258,2,8,NULL,1,45,70,0,20,0,4,0,504,108);
INSERT INTO `pokemon_species` VALUES (504,"patrat",5,NULL,259,3,8,NULL,4,255,70,0,15,0,2,0,505,NULL);
INSERT INTO `pokemon_species` VALUES (505,"watchog",5,504,259,3,6,NULL,4,255,70,0,20,0,2,0,506,NULL);
INSERT INTO `pokemon_species` VALUES (506,"lillipup",5,NULL,260,3,8,NULL,4,255,70,0,15,0,4,0,507,NULL);
INSERT INTO `pokemon_species` VALUES (507,"herdier",5,506,260,4,8,NULL,4,120,70,0,15,0,4,0,508,NULL);
INSERT INTO `pokemon_species` VALUES (508,"stoutland",5,507,260,4,8,NULL,4,45,70,0,15,0,4,0,509,NULL);
INSERT INTO `pokemon_species` VALUES (509,"purrloin",5,NULL,261,7,8,NULL,4,255,70,0,20,0,2,0,510,NULL);
INSERT INTO `pokemon_species` VALUES (510,"liepard",5,509,261,7,8,NULL,4,90,70,0,20,0,2,0,511,NULL);
INSERT INTO `pokemon_species` VALUES (511,"pansage",5,NULL,262,5,6,NULL,1,190,70,0,20,0,2,0,512,136);
INSERT INTO `pokemon_species` VALUES (512,"simisage",5,511,262,5,6,NULL,1,75,70,0,20,0,2,0,513,137);
INSERT INTO `pokemon_species` VALUES (513,"pansear",5,NULL,263,8,6,NULL,1,190,70,0,20,0,2,0,514,138);
INSERT INTO `pokemon_species` VALUES (514,"simisear",5,513,263,8,6,NULL,1,75,70,0,20,0,2,0,515,139);
INSERT INTO `pokemon_species` VALUES (515,"panpour",5,NULL,264,2,6,NULL,1,190,70,0,20,0,2,0,516,140);
INSERT INTO `pokemon_species` VALUES (516,"simipour",5,515,264,2,6,NULL,1,75,70,0,20,0,2,0,517,141);
INSERT INTO `pokemon_species` VALUES (517,"munna",5,NULL,265,6,8,NULL,4,190,70,0,10,0,3,0,518,72);
INSERT INTO `pokemon_species` VALUES (518,"musharna",5,517,265,6,12,NULL,4,75,70,0,10,0,3,0,519,73);
INSERT INTO `pokemon_species` VALUES (519,"pidove",5,NULL,266,4,9,NULL,4,255,70,0,15,0,4,0,520,NULL);
INSERT INTO `pokemon_species` VALUES (520,"tranquill",5,519,266,4,9,NULL,4,120,70,0,15,0,4,0,521,NULL);
INSERT INTO `pokemon_species` VALUES (521,"unfezant",5,520,266,4,9,NULL,4,45,70,0,15,1,4,0,522,NULL);
INSERT INTO `pokemon_species` VALUES (522,"blitzle",5,NULL,267,1,8,NULL,4,190,70,0,20,0,2,0,523,74);
INSERT INTO `pokemon_species` VALUES (523,"zebstrika",5,522,267,1,8,NULL,4,75,70,0,20,0,2,0,524,75);
INSERT INTO `pokemon_species` VALUES (524,"roggenrola",5,NULL,268,2,7,NULL,4,255,70,0,15,0,4,0,525,40);
INSERT INTO `pokemon_species` VALUES (525,"boldore",5,524,268,2,10,NULL,4,120,70,0,15,0,4,0,526,41);
INSERT INTO `pokemon_species` VALUES (526,"gigalith",5,525,268,2,10,NULL,4,45,70,0,15,0,4,0,527,42);
INSERT INTO `pokemon_species` VALUES (527,"woobat",5,NULL,269,2,9,NULL,4,190,70,0,15,0,2,0,528,NULL);
INSERT INTO `pokemon_species` VALUES (528,"swoobat",5,527,269,2,9,NULL,4,45,70,0,15,0,2,0,529,NULL);
INSERT INTO `pokemon_species` VALUES (529,"drilbur",5,NULL,270,4,6,NULL,4,120,70,0,20,0,2,0,530,152);
INSERT INTO `pokemon_species` VALUES (530,"excadrill",5,529,270,4,12,NULL,4,60,70,0,20,0,2,0,531,153);
INSERT INTO `pokemon_species` VALUES (531,"audino",5,NULL,271,6,6,NULL,4,255,70,0,20,0,3,0,532,185);
INSERT INTO `pokemon_species` VALUES (532,"timburr",5,NULL,272,4,12,NULL,2,180,70,0,20,0,4,0,533,101);
INSERT INTO `pokemon_species` VALUES (533,"gurdurr",5,532,272,4,12,NULL,2,90,70,0,20,0,4,0,534,102);
INSERT INTO `pokemon_species` VALUES (534,"conkeldurr",5,533,272,3,12,NULL,2,45,70,0,20,0,4,0,535,103);
INSERT INTO `pokemon_species` VALUES (535,"tympole",5,NULL,273,2,3,NULL,4,255,70,0,20,0,4,0,536,NULL);
INSERT INTO `pokemon_species` VALUES (536,"palpitoad",5,535,273,2,6,NULL,4,120,70,0,20,0,4,0,537,NULL);
INSERT INTO `pokemon_species` VALUES (537,"seismitoad",5,536,273,2,12,NULL,4,45,70,0,20,0,4,0,538,NULL);
INSERT INTO `pokemon_species` VALUES (538,"throh",5,NULL,274,8,12,NULL,0,45,70,0,20,0,2,0,539,NULL);
INSERT INTO `pokemon_species` VALUES (539,"sawk",5,NULL,275,2,12,NULL,0,45,70,0,20,0,2,0,540,NULL);
INSERT INTO `pokemon_species` VALUES (540,"sewaddle",5,NULL,276,10,14,NULL,4,255,70,0,15,0,4,0,541,124);
INSERT INTO `pokemon_species` VALUES (541,"swadloon",5,540,276,5,4,NULL,4,120,70,0,15,0,4,0,542,125);
INSERT INTO `pokemon_species` VALUES (542,"leavanny",5,541,276,10,12,NULL,4,45,70,0,15,0,4,0,543,126);
INSERT INTO `pokemon_species` VALUES (543,"venipede",5,NULL,277,8,14,NULL,4,255,70,0,15,0,4,0,544,31);
INSERT INTO `pokemon_species` VALUES (544,"whirlipede",5,543,277,4,1,NULL,4,120,70,0,15,0,4,0,545,32);
INSERT INTO `pokemon_species` VALUES (545,"scolipede",5,544,277,8,14,NULL,4,45,70,0,20,0,4,0,546,33);
INSERT INTO `pokemon_species` VALUES (546,"cottonee",5,NULL,278,5,1,NULL,4,190,70,0,20,0,2,0,547,48);
INSERT INTO `pokemon_species` VALUES (547,"whimsicott",5,546,278,5,12,NULL,4,75,70,0,20,0,2,0,548,49);
INSERT INTO `pokemon_species` VALUES (548,"petilil",5,NULL,279,5,5,NULL,8,190,70,0,20,0,2,0,549,43);
INSERT INTO `pokemon_species` VALUES (549,"lilligant",5,548,279,5,5,NULL,8,75,70,0,20,0,2,0,550,44);
INSERT INTO `pokemon_species` VALUES (550,"basculin",5,NULL,280,5,3,NULL,4,25,70,0,40,0,2,0,551,NULL);
INSERT INTO `pokemon_species` VALUES (551,"sandile",5,NULL,281,3,8,NULL,4,180,70,0,20,0,4,0,552,66);
INSERT INTO `pokemon_species` VALUES (552,"krokorok",5,551,281,3,8,NULL,4,90,70,0,20,0,4,0,553,67);
INSERT INTO `pokemon_species` VALUES (553,"krookodile",5,552,281,8,6,NULL,4,45,70,0,20,0,4,0,554,68);
INSERT INTO `pokemon_species` VALUES (554,"darumaka",5,NULL,282,8,12,NULL,4,120,70,0,20,0,4,0,555,142);
INSERT INTO `pokemon_species` VALUES (555,"darmanitan",5,554,282,8,8,NULL,4,60,70,0,20,0,4,1,556,143);
INSERT INTO `pokemon_species` VALUES (556,"maractus",5,NULL,283,5,5,NULL,4,255,70,0,20,0,2,0,557,NULL);
INSERT INTO `pokemon_species` VALUES (557,"dwebble",5,NULL,284,8,14,NULL,4,190,70,0,20,0,2,0,558,NULL);
INSERT INTO `pokemon_species` VALUES (558,"crustle",5,557,284,8,14,NULL,4,75,70,0,20,0,2,0,559,NULL);
INSERT INTO `pokemon_species` VALUES (559,"scraggy",5,NULL,285,10,6,NULL,4,180,35,0,15,0,2,0,560,165);
INSERT INTO `pokemon_species` VALUES (560,"scrafty",5,559,285,8,6,NULL,4,90,70,0,15,0,2,0,561,166);
INSERT INTO `pokemon_species` VALUES (561,"sigilyph",5,NULL,286,1,9,NULL,4,45,70,0,20,0,2,0,562,NULL);
INSERT INTO `pokemon_species` VALUES (562,"yamask",5,NULL,287,1,4,NULL,4,190,70,0,25,0,2,0,563,NULL);
INSERT INTO `pokemon_species` VALUES (563,"cofagrigus",5,562,287,10,5,NULL,4,90,70,0,25,0,2,0,564,NULL);
INSERT INTO `pokemon_species` VALUES (564,"tirtouga",5,NULL,288,2,8,NULL,1,45,70,0,30,0,2,0,565,NULL);
INSERT INTO `pokemon_species` VALUES (565,"carracosta",5,564,288,2,6,NULL,1,45,70,0,30,0,2,0,566,NULL);
INSERT INTO `pokemon_species` VALUES (566,"archen",5,NULL,289,10,9,NULL,1,45,70,0,30,0,2,0,567,NULL);
INSERT INTO `pokemon_species` VALUES (567,"archeops",5,566,289,10,9,NULL,1,45,70,0,30,0,2,0,568,NULL);
INSERT INTO `pokemon_species` VALUES (568,"trubbish",5,NULL,290,5,12,NULL,4,190,70,0,20,0,2,0,569,NULL);
INSERT INTO `pokemon_species` VALUES (569,"garbodor",5,568,290,5,12,NULL,4,60,70,0,20,0,2,0,570,NULL);
INSERT INTO `pokemon_species` VALUES (570,"zorua",5,NULL,291,4,8,NULL,1,75,70,0,25,0,4,0,571,154);
INSERT INTO `pokemon_species` VALUES (571,"zoroark",5,570,291,4,6,NULL,1,45,70,0,20,0,4,0,572,155);
INSERT INTO `pokemon_species` VALUES (572,"minccino",5,NULL,292,4,8,NULL,6,255,70,0,15,0,3,0,573,96);
INSERT INTO `pokemon_species` VALUES (573,"cinccino",5,572,292,4,8,NULL,6,60,70,0,15,0,3,0,574,97);
INSERT INTO `pokemon_species` VALUES (574,"gothita",5,NULL,293,7,12,NULL,6,200,70,0,20,0,4,0,575,63);
INSERT INTO `pokemon_species` VALUES (575,"gothorita",5,574,293,7,12,NULL,6,100,70,0,20,0,4,0,576,64);
INSERT INTO `pokemon_species` VALUES (576,"gothitelle",5,575,293,7,12,NULL,6,50,70,0,20,0,4,0,577,65);
INSERT INTO `pokemon_species` VALUES (577,"solosis",5,NULL,294,5,1,NULL,4,200,70,0,20,0,4,0,578,NULL);
INSERT INTO `pokemon_species` VALUES (578,"duosion",5,577,294,5,1,NULL,4,100,70,0,20,0,4,0,579,NULL);
INSERT INTO `pokemon_species` VALUES (579,"reuniclus",5,578,294,5,4,NULL,4,50,70,0,20,0,4,0,580,NULL);
INSERT INTO `pokemon_species` VALUES (580,"ducklett",5,NULL,295,2,9,NULL,4,190,70,0,20,0,2,0,581,NULL);
INSERT INTO `pokemon_species` VALUES (581,"swanna",5,580,295,9,9,NULL,4,45,70,0,20,0,2,0,582,NULL);
INSERT INTO `pokemon_species` VALUES (582,"vanillite",5,NULL,296,9,5,NULL,4,255,70,0,20,0,1,0,583,NULL);
INSERT INTO `pokemon_species` VALUES (583,"vanillish",5,582,296,9,5,NULL,4,120,70,0,20,0,1,0,584,NULL);
INSERT INTO `pokemon_species` VALUES (584,"vanilluxe",5,583,296,9,11,NULL,4,45,70,0,20,0,1,0,585,NULL);
INSERT INTO `pokemon_species` VALUES (585,"deerling",5,NULL,297,10,8,NULL,4,190,70,0,20,0,2,1,586,NULL);
INSERT INTO `pokemon_species` VALUES (586,"sawsbuck",5,585,297,3,8,NULL,4,75,70,0,20,0,2,1,587,NULL);
INSERT INTO `pokemon_species` VALUES (587,"emolga",5,NULL,298,9,8,NULL,4,200,70,0,20,0,2,0,588,180);
INSERT INTO `pokemon_species` VALUES (588,"karrablast",5,NULL,299,2,12,NULL,4,200,70,0,15,0,2,0,589,NULL);
INSERT INTO `pokemon_species` VALUES (589,"escavalier",5,588,299,4,4,NULL,4,75,70,0,15,0,2,0,590,NULL);
INSERT INTO `pokemon_species` VALUES (590,"foongus",5,NULL,300,9,4,NULL,4,190,70,0,20,0,2,0,591,NULL);
INSERT INTO `pokemon_species` VALUES (591,"amoonguss",5,590,300,9,4,NULL,4,75,70,0,20,0,2,0,592,NULL);
INSERT INTO `pokemon_species` VALUES (592,"frillish",5,NULL,301,9,10,NULL,4,190,70,0,20,1,2,0,593,NULL);
INSERT INTO `pokemon_species` VALUES (593,"jellicent",5,592,301,9,10,NULL,4,60,70,0,20,1,2,0,594,NULL);
INSERT INTO `pokemon_species` VALUES (594,"alomomola",5,NULL,302,6,3,NULL,4,75,70,0,40,0,3,0,595,NULL);
INSERT INTO `pokemon_species` VALUES (595,"joltik",5,NULL,303,10,14,NULL,4,190,70,0,20,0,2,0,596,147);
INSERT INTO `pokemon_species` VALUES (596,"galvantula",5,595,303,10,14,NULL,4,75,70,0,20,0,2,0,597,148);
INSERT INTO `pokemon_species` VALUES (597,"ferroseed",5,NULL,304,4,1,NULL,4,255,70,0,20,0,2,0,598,NULL);
INSERT INTO `pokemon_species` VALUES (598,"ferrothorn",5,597,304,4,10,NULL,4,90,70,0,20,0,2,0,599,NULL);
INSERT INTO `pokemon_species` VALUES (599,"klink",5,NULL,305,4,11,NULL,-1,130,70,0,20,0,4,0,600,NULL);
INSERT INTO `pokemon_species` VALUES (600,"klang",5,599,305,4,11,NULL,-1,60,70,0,20,0,4,0,601,NULL);
INSERT INTO `pokemon_species` VALUES (601,"klinklang",5,600,305,4,11,NULL,-1,30,70,0,20,0,4,0,602,NULL);
INSERT INTO `pokemon_species` VALUES (602,"tynamo",5,NULL,306,9,3,NULL,4,190,70,0,20,0,1,0,603,NULL);
INSERT INTO `pokemon_species` VALUES (603,"eelektrik",5,602,306,2,3,NULL,4,60,70,0,20,0,1,0,604,NULL);
INSERT INTO `pokemon_species` VALUES (604,"eelektross",5,603,306,2,3,NULL,4,30,70,0,20,0,1,0,605,NULL);
INSERT INTO `pokemon_species` VALUES (605,"elgyem",5,NULL,307,2,6,NULL,4,255,70,0,20,0,2,0,606,NULL);
INSERT INTO `pokemon_species` VALUES (606,"beheeyem",5,605,307,3,12,NULL,4,90,70,0,20,0,2,0,607,NULL);
INSERT INTO `pokemon_species` VALUES (607,"litwick",5,NULL,308,9,5,NULL,4,190,70,0,20,0,4,0,608,37);
INSERT INTO `pokemon_species` VALUES (608,"lampent",5,607,308,1,4,NULL,4,90,70,0,20,0,4,0,609,38);
INSERT INTO `pokemon_species` VALUES (609,"chandelure",5,608,308,1,4,NULL,4,45,70,0,20,0,4,0,610,39);
INSERT INTO `pokemon_species` VALUES (610,"axew",5,NULL,309,5,6,NULL,4,75,35,0,40,0,1,0,611,144);
INSERT INTO `pokemon_species` VALUES (611,"fraxure",5,610,309,5,6,NULL,4,60,35,0,40,0,1,0,612,145);
INSERT INTO `pokemon_species` VALUES (612,"haxorus",5,611,309,10,6,NULL,4,45,35,0,40,0,1,0,613,146);
INSERT INTO `pokemon_species` VALUES (613,"cubchoo",5,NULL,310,9,6,NULL,4,120,70,0,20,0,2,0,614,104);
INSERT INTO `pokemon_species` VALUES (614,"beartic",5,613,310,9,8,NULL,4,60,70,0,20,0,2,0,615,105);
INSERT INTO `pokemon_species` VALUES (615,"cryogonal",5,NULL,311,2,1,NULL,-1,25,70,0,25,0,2,0,616,NULL);
INSERT INTO `pokemon_species` VALUES (616,"shelmet",5,NULL,312,8,1,NULL,4,200,70,0,15,0,2,0,617,NULL);
INSERT INTO `pokemon_species` VALUES (617,"accelgor",5,616,312,8,4,NULL,4,75,70,0,15,0,2,0,618,NULL);
INSERT INTO `pokemon_species` VALUES (618,"stunfisk",5,NULL,313,3,3,NULL,4,75,70,0,20,0,2,0,619,NULL);
INSERT INTO `pokemon_species` VALUES (619,"mienfoo",5,NULL,314,10,6,NULL,4,180,70,0,25,0,4,0,620,NULL);
INSERT INTO `pokemon_species` VALUES (620,"mienshao",5,619,314,7,6,NULL,4,45,70,0,25,0,4,0,621,NULL);
INSERT INTO `pokemon_species` VALUES (621,"druddigon",5,NULL,315,8,6,NULL,4,45,70,0,30,0,2,0,622,NULL);
INSERT INTO `pokemon_species` VALUES (622,"golett",5,NULL,316,5,12,NULL,-1,190,70,0,25,0,2,0,623,NULL);
INSERT INTO `pokemon_species` VALUES (623,"golurk",5,622,316,5,12,NULL,-1,90,70,0,25,0,2,0,624,NULL);
INSERT INTO `pokemon_species` VALUES (624,"pawniard",5,NULL,317,8,12,NULL,4,120,35,0,20,0,2,0,625,158);
INSERT INTO `pokemon_species` VALUES (625,"bisharp",5,624,317,8,12,NULL,4,45,35,0,20,0,2,0,626,159);
INSERT INTO `pokemon_species` VALUES (626,"bouffalant",5,NULL,318,3,8,NULL,4,45,70,0,20,0,2,0,627,NULL);
INSERT INTO `pokemon_species` VALUES (627,"rufflet",5,NULL,319,9,9,NULL,0,190,70,0,20,0,1,0,628,169);
INSERT INTO `pokemon_species` VALUES (628,"braviary",5,627,319,8,9,NULL,0,60,70,0,20,0,1,0,629,170);
INSERT INTO `pokemon_species` VALUES (629,"vullaby",5,NULL,320,3,9,NULL,8,190,35,0,20,0,1,0,630,NULL);
INSERT INTO `pokemon_species` VALUES (630,"mandibuzz",5,629,320,3,9,NULL,8,60,35,0,20,0,1,0,631,NULL);
INSERT INTO `pokemon_species` VALUES (631,"heatmor",5,NULL,321,8,6,NULL,4,90,70,0,20,0,2,0,632,NULL);
INSERT INTO `pokemon_species` VALUES (632,"durant",5,NULL,322,4,14,NULL,4,90,70,0,20,0,2,0,633,NULL);
INSERT INTO `pokemon_species` VALUES (633,"deino",5,NULL,323,2,8,NULL,4,45,35,0,40,0,1,0,634,90);
INSERT INTO `pokemon_species` VALUES (634,"zweilous",5,633,323,2,8,NULL,4,45,35,0,40,0,1,0,635,91);
INSERT INTO `pokemon_species` VALUES (635,"hydreigon",5,634,323,2,6,NULL,4,45,35,0,40,0,1,0,636,92);
INSERT INTO `pokemon_species` VALUES (636,"larvesta",5,NULL,324,9,14,NULL,4,45,70,0,40,0,1,0,637,173);
INSERT INTO `pokemon_species` VALUES (637,"volcarona",5,636,324,9,13,NULL,4,15,70,0,40,0,1,0,638,174);
INSERT INTO `pokemon_species` VALUES (638,"cobalion",5,NULL,325,2,8,NULL,-1,3,35,0,80,0,1,0,639,NULL);
INSERT INTO `pokemon_species` VALUES (639,"terrakion",5,NULL,326,4,8,NULL,-1,3,35,0,80,0,1,0,640,191);
INSERT INTO `pokemon_species` VALUES (640,"virizion",5,NULL,327,5,8,NULL,-1,3,35,0,80,0,1,0,641,NULL);
INSERT INTO `pokemon_species` VALUES (641,"tornadus",5,NULL,328,5,4,NULL,0,3,90,0,120,0,1,1,642,NULL);
INSERT INTO `pokemon_species` VALUES (642,"thundurus",5,NULL,329,2,4,NULL,0,3,90,0,120,0,1,1,643,NULL);
INSERT INTO `pokemon_species` VALUES (643,"reshiram",5,NULL,330,9,9,NULL,-1,45,0,0,120,0,1,0,644,197);
INSERT INTO `pokemon_species` VALUES (644,"zekrom",5,NULL,331,1,6,NULL,-1,45,0,0,120,0,1,0,645,198);
INSERT INTO `pokemon_species` VALUES (645,"landorus",5,NULL,332,3,4,NULL,0,3,90,0,120,0,1,1,646,NULL);
INSERT INTO `pokemon_species` VALUES (646,"kyurem",5,NULL,333,4,6,NULL,-1,3,0,0,120,0,1,1,647,NULL);
INSERT INTO `pokemon_species` VALUES (647,"keldeo",5,NULL,334,10,8,NULL,-1,3,35,0,80,0,1,0,648,NULL);
INSERT INTO `pokemon_species` VALUES (648,"meloetta",5,NULL,335,9,12,NULL,-1,3,100,0,120,0,1,1,649,NULL);
INSERT INTO `pokemon_species` VALUES (649,"genesect",5,NULL,336,7,12,NULL,-1,3,0,0,120,0,1,1,650,NULL);
INSERT INTO `pokemon_species` VALUES (650,"chespin",6,NULL,337,5,6,NULL,1,0,0,0,0,0,4,0,651,NULL);
INSERT INTO `pokemon_species` VALUES (651,"quilladin",6,650,337,5,6,NULL,1,0,0,0,0,0,4,0,652,NULL);
INSERT INTO `pokemon_species` VALUES (652,"chesnaught",6,651,337,5,6,NULL,1,0,0,0,0,0,4,0,653,NULL);
INSERT INTO `pokemon_species` VALUES (653,"fennekin",6,NULL,338,8,8,NULL,1,0,0,0,0,0,4,0,654,NULL);
INSERT INTO `pokemon_species` VALUES (654,"braixen",6,653,338,8,6,NULL,1,0,0,0,0,0,4,0,655,NULL);
INSERT INTO `pokemon_species` VALUES (655,"delphox",6,654,338,8,6,NULL,1,0,0,0,0,0,4,0,656,NULL);
INSERT INTO `pokemon_species` VALUES (656,"froakie",6,NULL,339,2,8,NULL,1,0,0,0,0,0,4,0,657,NULL);
INSERT INTO `pokemon_species` VALUES (657,"frogadier",6,656,339,2,12,NULL,1,0,0,0,0,0,4,0,658,NULL);
INSERT INTO `pokemon_species` VALUES (658,"greninja",6,657,339,2,12,NULL,1,0,0,0,0,0,4,0,659,NULL);
INSERT INTO `pokemon_species` VALUES (659,"bunnelby",6,NULL,340,3,6,NULL,4,0,0,0,0,0,2,0,660,NULL);
INSERT INTO `pokemon_species` VALUES (660,"diggersby",6,659,340,3,6,NULL,4,0,0,0,0,0,2,0,661,NULL);
INSERT INTO `pokemon_species` VALUES (661,"fletchling",6,NULL,341,8,9,NULL,4,0,0,0,0,0,4,0,662,NULL);
INSERT INTO `pokemon_species` VALUES (662,"fletchinder",6,661,341,8,9,NULL,4,0,0,0,0,0,4,0,663,NULL);
INSERT INTO `pokemon_species` VALUES (663,"talonflame",6,662,341,8,9,NULL,4,0,0,0,0,0,4,0,664,NULL);
INSERT INTO `pokemon_species` VALUES (664,"scatterbug",6,NULL,342,1,14,NULL,4,0,0,0,0,0,2,0,665,NULL);
INSERT INTO `pokemon_species` VALUES (665,"spewpa",6,664,342,1,5,NULL,4,0,0,0,0,0,2,0,666,NULL);
INSERT INTO `pokemon_species` VALUES (666,"vivillon",6,665,342,1,13,NULL,4,0,0,0,0,0,2,0,667,NULL);
INSERT INTO `pokemon_species` VALUES (667,"litleo",6,NULL,343,3,8,NULL,4,0,0,0,0,0,4,0,668,NULL);
INSERT INTO `pokemon_species` VALUES (668,"pyroar",6,667,343,3,8,NULL,4,0,0,0,0,1,4,0,669,NULL);
INSERT INTO `pokemon_species` VALUES (669,"flabebe",6,NULL,344,9,4,NULL,8,0,0,0,0,0,2,0,670,NULL);
INSERT INTO `pokemon_species` VALUES (670,"floette",6,669,344,9,4,NULL,8,0,0,0,0,0,2,0,671,NULL);
INSERT INTO `pokemon_species` VALUES (671,"florges",6,670,344,9,4,NULL,8,0,0,0,0,0,2,0,672,NULL);
INSERT INTO `pokemon_species` VALUES (672,"skiddo",6,NULL,345,3,8,NULL,4,0,0,0,0,0,2,0,673,NULL);
INSERT INTO `pokemon_species` VALUES (673,"gogoat",6,672,345,3,8,NULL,4,0,0,0,0,0,2,0,674,NULL);
INSERT INTO `pokemon_species` VALUES (674,"pancham",6,NULL,346,9,6,NULL,4,0,0,0,0,0,2,0,675,NULL);
INSERT INTO `pokemon_species` VALUES (675,"pangoro",6,674,346,9,12,NULL,4,0,0,0,0,0,2,0,676,NULL);
INSERT INTO `pokemon_species` VALUES (676,"furfrou",6,NULL,347,9,8,NULL,4,0,0,0,0,0,2,1,677,NULL);
INSERT INTO `pokemon_species` VALUES (677,"espurr",6,NULL,348,4,6,NULL,4,0,0,0,0,0,2,0,678,NULL);
INSERT INTO `pokemon_species` VALUES (678,"meowstic",6,677,348,9,6,NULL,4,0,0,0,0,1,2,0,679,NULL);
INSERT INTO `pokemon_species` VALUES (679,"honedge",6,NULL,349,3,5,NULL,4,0,0,0,0,0,2,0,680,NULL);
INSERT INTO `pokemon_species` VALUES (680,"doublade",6,679,349,3,11,NULL,4,0,0,0,0,0,2,0,681,NULL);
INSERT INTO `pokemon_species` VALUES (681,"aegislash",6,680,349,3,5,NULL,4,0,0,0,0,0,2,1,682,NULL);
INSERT INTO `pokemon_species` VALUES (682,"spritzee",6,NULL,350,6,4,NULL,4,0,0,0,0,0,2,0,683,NULL);
INSERT INTO `pokemon_species` VALUES (683,"aromatisse",6,682,350,6,12,NULL,4,0,0,0,0,0,2,0,684,NULL);
INSERT INTO `pokemon_species` VALUES (684,"swirlix",6,NULL,351,9,7,NULL,4,0,0,0,0,0,2,0,685,NULL);
INSERT INTO `pokemon_species` VALUES (685,"slurpuff",6,684,351,9,12,NULL,4,0,0,0,0,0,2,0,686,NULL);
INSERT INTO `pokemon_species` VALUES (686,"inkay",6,NULL,352,2,10,NULL,4,0,0,0,0,0,2,0,687,NULL);
INSERT INTO `pokemon_species` VALUES (687,"malamar",6,686,352,2,5,NULL,4,0,0,0,0,0,2,0,688,NULL);
INSERT INTO `pokemon_species` VALUES (688,"binacle",6,NULL,353,3,11,NULL,4,0,0,0,0,0,2,0,689,NULL);
INSERT INTO `pokemon_species` VALUES (689,"barbaracle",6,688,353,3,11,NULL,4,0,0,0,0,0,2,0,690,NULL);
INSERT INTO `pokemon_species` VALUES (690,"skrelp",6,NULL,354,3,5,NULL,4,0,0,0,0,0,2,0,691,NULL);
INSERT INTO `pokemon_species` VALUES (691,"dragalge",6,690,354,3,5,NULL,4,0,0,0,0,0,2,0,692,NULL);
INSERT INTO `pokemon_species` VALUES (692,"clauncher",6,NULL,355,2,14,NULL,4,0,0,0,0,0,1,0,693,NULL);
INSERT INTO `pokemon_species` VALUES (693,"clawitzer",6,692,355,2,2,NULL,4,0,0,0,0,0,1,0,694,NULL);
INSERT INTO `pokemon_species` VALUES (694,"helioptile",6,NULL,356,10,6,NULL,4,0,0,0,0,0,2,0,695,NULL);
INSERT INTO `pokemon_species` VALUES (695,"heliolisk",6,694,356,10,6,NULL,4,0,0,0,0,0,2,0,696,NULL);
INSERT INTO `pokemon_species` VALUES (696,"tyrunt",6,NULL,357,3,6,NULL,1,0,0,0,0,0,2,0,697,NULL);
INSERT INTO `pokemon_species` VALUES (697,"tyrantrum",6,696,357,8,6,NULL,1,0,0,0,0,0,2,0,698,NULL);
INSERT INTO `pokemon_species` VALUES (698,"amaura",6,NULL,358,2,8,NULL,1,0,0,0,0,0,2,0,699,NULL);
INSERT INTO `pokemon_species` VALUES (699,"aurorus",6,698,358,2,8,NULL,1,0,0,0,0,0,2,0,700,NULL);
INSERT INTO `pokemon_species` VALUES (700,"sylveon",6,133,67,6,8,NULL,1,0,0,0,0,0,2,0,165,NULL);
INSERT INTO `pokemon_species` VALUES (701,"hawlucha",6,NULL,359,5,12,NULL,4,0,0,0,0,0,2,0,701,NULL);
INSERT INTO `pokemon_species` VALUES (702,"dedenne",6,NULL,360,10,6,NULL,4,0,0,0,0,0,2,0,702,NULL);
INSERT INTO `pokemon_species` VALUES (703,"carbink",6,NULL,361,4,1,NULL,-1,0,0,0,0,0,1,0,703,NULL);
INSERT INTO `pokemon_species` VALUES (704,"goomy",6,NULL,362,7,2,NULL,4,0,0,0,0,0,1,0,704,NULL);
INSERT INTO `pokemon_species` VALUES (705,"sliggoo",6,704,362,7,2,NULL,4,0,0,0,0,0,1,0,705,NULL);
INSERT INTO `pokemon_species` VALUES (706,"goodra",6,705,362,7,6,NULL,4,0,0,0,0,0,1,0,706,NULL);
INSERT INTO `pokemon_species` VALUES (707,"klefki",6,NULL,363,4,1,NULL,4,0,0,0,0,0,3,0,707,NULL);
INSERT INTO `pokemon_species` VALUES (708,"phantump",6,NULL,364,3,4,NULL,4,0,0,0,0,0,2,0,708,NULL);
INSERT INTO `pokemon_species` VALUES (709,"trevenant",6,708,364,3,10,NULL,4,0,0,0,0,0,2,0,709,NULL);
INSERT INTO `pokemon_species` VALUES (710,"pumpkaboo",6,NULL,365,3,1,NULL,4,0,0,0,0,0,2,0,710,NULL);
INSERT INTO `pokemon_species` VALUES (711,"gourgeist",6,710,365,3,5,NULL,4,0,0,0,0,0,2,0,711,NULL);
INSERT INTO `pokemon_species` VALUES (712,"bergmite",6,NULL,366,2,8,NULL,4,0,0,0,0,0,2,0,712,NULL);
INSERT INTO `pokemon_species` VALUES (713,"avalugg",6,712,366,2,8,NULL,4,0,0,0,0,0,2,0,713,NULL);
INSERT INTO `pokemon_species` VALUES (714,"noibat",6,NULL,367,7,9,NULL,4,0,0,0,0,0,2,0,714,NULL);
INSERT INTO `pokemon_species` VALUES (715,"noivern",6,714,367,7,9,NULL,4,0,0,0,0,0,2,0,715,NULL);
INSERT INTO `pokemon_species` VALUES (716,"xerneas",6,NULL,368,2,8,NULL,-1,0,0,0,0,0,1,1,716,NULL);
INSERT INTO `pokemon_species` VALUES (717,"yveltal",6,NULL,369,8,9,NULL,-1,0,0,0,0,0,1,0,717,NULL);
INSERT INTO `pokemon_species` VALUES (718,"zygarde",6,NULL,370,5,2,NULL,-1,0,0,0,0,0,1,0,718,NULL);

/* Table structure for regions */
CREATE TABLE `regions` (
  `id` int(11) NOT NULL,
  `identifier` varchar(16) NOT NULL,
  PRIMARY KEY (`id`)
) ENGINE=InnoDB DEFAULT CHARSET=utf8;

/* data for Table regions */
INSERT INTO `regions` VALUES (1,"kanto");
INSERT INTO `regions` VALUES (2,"johto");
INSERT INTO `regions` VALUES (3,"hoenn");
INSERT INTO `regions` VALUES (4,"sinnoh");
INSERT INTO `regions` VALUES (5,"unova");
INSERT INTO `regions` VALUES (6,"kalos");

/* Table structure for users */
CREATE TABLE `users` (
  `email` varchar(45) NOT NULL,
  `password` varchar(45) NOT NULL,
  PRIMARY KEY (`email`),
  UNIQUE KEY `email_UNIQUE` (`email`)
) ENGINE=InnoDB DEFAULT CHARSET=utf8;

/* data for Table users */
INSERT INTO `users` VALUES ("ciao@ciao.it","ciao");

/* Restore session variables to original values */
SET FOREIGN_KEY_CHECKS=@OLD_FOREIGN_KEY_CHECKS;
